,count,mean,std,min,25%,50%,75%,max
NO32TN,86.0,0.3972882808255813,0.21791098861355646,0.020376176,0.22434674775,0.38411181650000004,0.56253495675,1.0
TN,86.0,0.9873255813953488,0.4941076018049335,0.258,0.671,0.885,1.15275,2.988
Qmeas,86.0,15773.04391511628,31759.36603660115,97.0,1368.25,3847.5,13734.75,217352.2767
Qdiff,86.0,8.18292289279651,36.578802717241516,-100.0,-5.47257508175,1.9990984745,11.0713365525,191.6764361
NO3,86.0,0.44881860465116286,0.438777229156511,0.013,0.1485,0.316,0.5762499999999999,2.207
Atten,86.0,30.721511627906978,23.874473866328042,-57.0,13.0,33.0,51.0,76.0
Yr_Start,86.0,2003.6511627906978,1.7807298032017524,1999.0,2002.0,2003.0,2005.0,2006.0
Yr_End,86.0,2004.7790697674418,1.7177356010385405,2000.0,2004.0,2005.0,2006.0,2007.0
Year,86.0,2004.2151162790697,1.7363597785130134,1999.5,2003.125,2004.0,2005.5,2006.5
Lat,86.0,41.65726024767441,0.13014289772230644,41.326807,41.5920375,41.6556425,41.7140985,41.98991
Lon,86.0,-70.45491298372093,0.3360149439352459,-71.126612,-70.7087295,-70.43442049999999,-70.20332675,-69.967575
Shape_Area,86.0,7858683.168180086,13369942.445616968,52454.1545716615,795483.3972559655,2301231.1310821073,8547206.822117828,66378363.55232455
SLOPE_,86.0,0.5967349690150765,5.533892445567262,0.0,0.0,0.0,0.0,51.31920733529658
SLOPE_0,86.0,8.225999695260194,10.70093690925711,0.0,1.146655602310291,4.485843642468518,10.652227960619536,67.09514796829117
SLOPE_A,86.0,26.30446230452209,17.866808365683422,0.0,11.544398592766276,24.84565058889646,37.9163675982495,80.55864816203787
SLOPE_B,86.0,31.51637317929689,17.323870470402756,0.0,19.582810893194367,29.719808116324206,41.8300717664017,76.64252128570705
SLOPE_C,86.0,16.932914688310483,16.261702725813848,0.0,2.8318919468811012,14.093458176872959,25.025255174586448,59.0493356667101
SLOPE_D,86.0,7.639699899305374,9.305340269053,0.0,0.2849183804941441,4.269378491945818,11.68204616747054,41.04994368325791
SLOPE_E,86.0,0.7910531512639533,3.341550296682387,0.0,0.0,0.0,0.0,18.87825048903109
FRMLNDCLS_,86.0,0.5967349690150765,5.533892445567262,0.0,0.0,0.0,0.0,51.31920733529658
FRMLNDCLS_All_areas_are_prime_farmland,86.0,10.57600864054888,13.356221522461539,0.0,0.0,3.35680200142977,18.44589761742333,58.088701453353785
FRMLNDCLS_Farmland_of_statewide_importance,86.0,14.147366791671095,17.649745223371696,0.0,1.3794359433455383,7.401219661804456,21.785378759697025,92.76142257366875
FRMLNDCLS_Farmland_of_unique_importance,86.0,2.9991062135802085,4.883668491920237,0.0,0.0,1.4105384291888186,4.07466692534623,29.472593443336365
FRMLNDCLS_Not_prime_farmland,86.0,63.68655701515127,25.312228739670797,0.6679530290068567,48.99648636111057,66.63643149861896,83.13484283131874,100.00000251312797
HYDROLGRP_,86.0,0.5967349690150765,5.533892445567262,0.0,0.0,0.0,0.0,51.31920733529658
HYDROLGRP_A,86.0,54.902895361774725,29.299942408512855,0.0184791388383182,32.46164843492204,64.2177510166328,77.3396730364195,99.8763544950693
HYDROLGRP_A/D,86.0,2.521754643877625,4.9817742393531,0.0,0.0,0.42230700955659656,2.741620263949628,28.23455651618635
HYDROLGRP_B,86.0,5.558631710593833,11.198985472741557,0.0,0.0,0.06403263645969395,3.9723158880039424,63.6541497779873
HYDROLGRP_B/D,86.0,6.862182099852275,8.41564623088438,0.0,1.5027299856072358,4.167967892703693,9.474246213070987,49.13324869024736
HYDROLGRP_C,86.0,4.508592457914616,9.823902130714503,0.0,0.0,0.0,1.9007070525837948,37.84760360901087
HYDROLGRP_C/D,86.0,3.4753910746512866,7.313767259400193,0.0,0.0,0.0,0.8141275178084177,29.46064780631825
HYDROLGRP_D,86.0,5.464636174546286,13.40289217080644,0.0,0.0,0.0,0.6429892892365643,70.94245348646477
HYDRCRATNG_,86.0,0.5967349690150765,5.533892445567262,0.0,0.0,0.0,0.0,51.31920733529658
HYDRCRATNG_No,86.0,68.40168286564489,21.15455249534908,0.5476376567790473,56.3548643933801,74.21487096187289,83.99028541194156,99.98963505969569
HYDRCRATNG_Unranked,86.0,7.490631381422926,10.619987319925752,0.0,0.31909085123886427,3.363893430961542,10.2149420333944,65.06778383906348
HYDRCRATNG_Yes,86.0,14.74952786731295,14.938370951691468,0.0,3.5571882459361874,9.232325011094563,23.18261140558922,72.90963943061044
DRAINCLASS_,86.0,0.5967349690150765,5.533892445567262,0.0,0.0,0.0,0.0,51.31920733529658
DRAINCLASS_Excessively_drained,86.0,46.24509237448393,29.00733795214844,0.0,23.796802056316405,49.192077911171694,73.19671843258509,99.8763544950693
DRAINCLASS_Moderately_well_drained,86.0,4.256166769499648,7.016037229500165,0.0,0.0,0.5775743803600268,5.153581874879731,29.46064780631825
DRAINCLASS_Poorly_drained,86.0,2.9387881057321246,7.426671891097038,0.0,0.0,0.019790217831756798,1.9818977547779841,53.53037758213199
DRAINCLASS_Somewhat_excessively_drained,86.0,3.610142467343047,6.917689088837542,0.0,0.0,0.0,4.471122372255107,32.920925961076435
DRAINCLASS_Somewhat_poorly_drained,86.0,0.13137963036520836,0.9873022537075258,0.0,0.0,0.0,0.0,8.851649388839808
DRAINCLASS_Subaqueous,86.0,0.0,0.0,0.0,0.0,0.0,0.0,0.0
DRAINCLASS_Very_poorly_drained,86.0,11.810739761580823,11.067553653231709,0.0,3.428944738601773,8.275144644527568,15.148359570564505,49.13324869024736
DRAINCLASS_Well_drained,86.0,14.158901623953035,17.700680258064356,0.0,0.0,4.595226052645066,27.919005811418653,63.6541497779873
DEP2WATTBL_0,86.0,11.965256550508139,12.529055838060858,0.0,3.0375016185793116,7.061611954168924,16.40425591655299,65.60378542067482
DEP2WATTBL_5,86.0,0.009232677015863631,0.061678780846462763,0.0,0.0,0.0,0.0,0.5247411894085658
DEP2WATTBL_8,86.0,2.762286961159256,7.4176453620054055,0.0,0.0,0.0,1.1082851464683077,53.53037758213199
DEP2WATTBL_10,86.0,0.005426771824082283,0.03490766722790901,0.0,0.0,0.0,0.0,0.2603957811319319
DEP2WATTBL_15,86.0,0.08873355184433178,0.7005553051532915,0.0,0.0,0.0,0.0,6.496702320575884
DEP2WATTBL_23,86.0,0.1440172369110427,0.823915058355536,0.0,0.0,0.0,0.0,7.0011854786453815
DEP2WATTBL_29,86.0,0.009070476047931594,0.049356674699306886,0.0,0.0,0.0,0.0,0.3310541017337432
DEP2WATTBL_30,86.0,0.3075111234102457,1.0876831559623448,0.0,0.0,0.0,0.0,8.4393649907073
DEP2WATTBL_38,86.0,0.21323803676852107,1.1354526382963683,0.0,0.0,0.0,0.0,8.851649388839808
DEP2WATTBL_45,86.0,0.2599371765277298,0.9676646886486193,0.0,0.0,0.0,0.0,4.989451377229264
DEP2WATTBL_46,86.0,3.1563071718003086,11.931765650303777,0.0,0.0,0.0,0.1897369241820648,75.60876038236988
DEP2WATTBL_48,86.0,0.05903006948180564,0.49596505884832426,0.0,0.0,0.0,0.0,4.578173193236219
DEP2WATTBL_51,86.0,1.7987296614404864,4.879068329223276,0.0,0.0,0.0,0.0,26.65224760269565
DEP2WATTBL_54,86.0,0.05825557654680888,0.44365696361296936,0.0,0.0,0.0,0.0,4.025714801952843
DEP2WATTBL_60,86.0,2.2027560460955713,7.537647388063522,0.0,0.0,0.0,0.0,48.37901005011497
DEP2WATTBL_61,86.0,3.649093401567205,10.060257028837867,0.0,0.0,0.0,0.0,68.49176531508603
DEP2WATTBL_64,86.0,0.7047912810181498,1.6827118346228713,0.0,0.0,0.0,0.45258278976203425,8.442161925699693
DEP2WATTBL_66,86.0,1.9855597585151168,5.928945563508864,0.0,0.0,0.0,0.0,29.57680888901401
DEP2WATTBL_68,86.0,0.03097096361067275,0.11735052429908999,0.0,0.0,0.0,0.0,0.7095736121181682
DEP2WATTBL_69,86.0,0.04997342049177834,0.2768555306625678,0.0,0.0,0.0,0.0,1.8330778134156704
DEP2WATTBL_73,86.0,0.00015285545403888838,0.0014175231657124281,0.0,0.0,0.0,0.0,0.0131455690473444
DEP2WATTBL_76,86.0,0.03558629151663895,0.22506479260884996,0.0,0.0,0.0,0.0,1.6533736189958748
DEP2WATTBL_77,86.0,0.004380463491003351,0.04062274724901232,0.0,0.0,0.0,0.0,0.3767198602262882
DEP2WATTBL_82,86.0,0.019527305248628783,0.12483651226376918,0.0,0.0,0.0,0.0,1.1192185877923522
CLAY_0,86.0,0.7122578468660817,5.541335299820549,0.0,0.0,0.0,0.0,51.31920733529658
CLAY_0.1,86.0,0.032649448100050216,0.19139451715037847,0.0,0.0,0.0,0.0,1.6533736189958748
CLAY_0.2,86.0,0.00425665617704091,0.030854918611656394,0.0,0.0,0.0,0.0,0.2710019539406854
CLAY_0.5,86.0,0.15628736264466989,0.5927467581248466,0.0,0.0,0.0,0.0,3.579213735495512
CLAY_1,86.0,23.6157419984682,30.128454698851094,0.0,0.015901891872675225,7.041485614594145,42.14858519933756,96.38328187031505
CLAY_1.3,86.0,0.04694807560298369,0.2491067837473037,0.0,0.0,0.0,0.0,2.0378594309997013
CLAY_1.5,86.0,0.1033105900921632,0.5236649897139446,0.0,0.0,0.0,0.0,4.142247576262412
CLAY_2,86.0,5.6007659621478645,7.058994166245303,0.0,0.6957447899435799,2.7036708049878686,7.843868815981841,32.845504675398864
CLAY_2.5,86.0,8.135766379590128,17.620499468954996,0.0,0.0,0.0,4.667273310185065,99.8763544950693
CLAY_3,86.0,8.165020552346027,15.979161648369526,0.0,0.0,0.023988884609506652,10.509799049171734,76.75588745009915
CLAY_3.3000000000000003,86.0,0.38135269019249834,1.785300825243574,0.0,0.0,0.0,0.0,15.516748686972296
CLAY_4,86.0,10.586797044209227,15.951415212380232,0.0,0.0,1.0844150138063497,16.065212659483784,68.32193795617864
CLAY_4.5,86.0,1.7079729921565188,8.04948884178551,0.0,0.0,0.0,0.0,63.6541497779873
CLAY_4.6000000000000005,86.0,0.019130694611442362,0.10945399423173069,0.0,0.0,0.0,0.0,0.9740632013096332
CLAY_4.7,86.0,0.005552889756304744,0.041928860935974324,0.0,0.0,0.0,0.0,0.3767198602262882
CLAY_5,86.0,0.026011575373075285,0.1934719756069471,0.0,0.0,0.0,0.0,1.777694477310671
CLAY_5.4,86.0,3.213485904354677,6.702523171400502,0.0,0.0,0.0,3.4904195521564256,32.920925961076435
CLAY_6,86.0,0.06818612275074747,0.29274771579215636,0.0,0.0,0.0,0.0,2.219085878131901
CLAY_6.5,86.0,0.30314739792394646,1.9043983150157877,0.0,0.0,0.0,0.0,13.270954706709484
CLAY_7,86.0,8.987391761285322,21.62142416704242,0.0,0.0,0.0080585580848903,1.3704065376733754,90.139605748135
CLAY_7.2,86.0,0.006530979344529918,0.04607651039731305,0.0,0.0,0.0,0.0,0.3957096036786082
CLAY_7.3,86.0,0.02371964778912593,0.18394551794125635,0.0,0.0,0.0,0.0,1.6918914060599046
CLAY_7.5,86.0,3.469525869960345,8.33967013331991,0.0,0.0,0.0,0.053883447939424275,40.37028229400858
CLAY_8,86.0,3.076500500778517,7.998445599723564,0.0,0.0,0.0,0.0,34.58793500361024
CLAY_9,86.0,0.10853488881237965,0.49162243592043237,0.0,0.0,0.0,0.0,3.0890725248001334
CLAY_9.200000000000001,86.0,0.0,0.0,0.0,0.0,0.0,0.0,0.0
CLAY_9.5,86.0,0.2599371765277298,0.9676646886486193,0.0,0.0,0.0,0.0,4.989451377229264
CLAY_10,86.0,0.006878165643564728,0.06378548412724495,0.0,0.0,0.0,0.0,0.5915222453465666
CLAY_10.6,86.0,9.433125042685349e-05,0.0008747920286617048,0.0,0.0,0.0,0.0,0.0081124875367094
CLAY_11.5,86.0,0.0,0.0,0.0,0.0,0.0,0.0,0.0
CLAY_13,86.0,0.13137963036520836,0.9873022537075258,0.0,0.0,0.0,0.0,8.851649388839808
CLAY_15,86.0,0.335263302715807,1.7035662140973198,0.0,0.0,0.0,0.0,12.79560226760348
CLAY_19,86.0,0.0,0.0,0.0,0.0,0.0,0.0,0.0
CLAY_20.2,86.0,0.005426771824082283,0.03490766722790901,0.0,0.0,0.0,0.0,0.2603957811319319
CLAY_25,86.0,0.0799555025967715,0.7006546691961908,0.0,0.0,0.0,0.0,6.496702320575884
CLAY_27,86.0,0.0,0.0,0.0,0.0,0.0,0.0,0.0
CLAY_27.5,86.0,0.11532045383433612,0.6773314421266057,0.0,0.0,0.0,0.0,5.245007925205149
CLAY_30,86.0,0.07630796279313111,0.532766880935915,0.0,0.0,0.0,0.0,4.5737843332602415
OM_0,86.0,0.5967349690150765,5.533892445567262,0.0,0.0,0.0,0.0,51.31920733529658
OM_05,86.0,0.3412800763727188,1.321151460283944,0.0,0.0,0.0,0.0,7.432354450520555
OM_08,86.0,0.020877261846892158,0.11723269014317549,0.0,0.0,0.0,0.0,0.8940025681850319
OM_0.1,86.0,0.006260976639432997,0.03070072390699575,0.0,0.0,0.0,0.0,0.2091963680876283
OM_0.25,86.0,0.09703155667158542,0.6005399318885046,0.0,0.0,0.0,0.0,5.390146949115084
OM_0.3,86.0,0.0,0.0,0.0,0.0,0.0,0.0,0.0
OM_0.4,86.0,0.0,0.0,0.0,0.0,0.0,0.0,0.0
OM_0.7000000000000001,86.0,0.0,0.0,0.0,0.0,0.0,0.0,0.0
OM_0.75,86.0,0.0,0.0,0.0,0.0,0.0,0.0,0.0
OM_1,86.0,2.9405381910159845,4.8507719709394035,0.0,0.0,1.2167564910033426,3.9966160478951553,29.472593443336365
OM_1.5,86.0,8.226207964371273,17.58601529164305,0.0,0.0,0.0468137491206597,4.683736597748444,99.8763544950693
OM_1.74,86.0,0.03160630023626265,0.15444116471141014,0.0,0.0,0.0,0.0,0.9821093274395374
OM_2,86.0,2.7485280132724847,12.173557573262736,0.0,0.0,0.0,0.0,75.60876038236988
OM_2.2,86.0,29.213044386383164,30.44315967920996,0.0,0.0,16.234036326132024,51.822763224108385,96.38328187031505
OM_2.3000000000000003,86.0,0.0011310427067347455,0.010488858564370866,0.0,0.0,0.0,0.0,0.0972696727791881
OM_2.5,86.0,0.7402483653755221,1.684841664204311,0.0,0.0,0.0,0.5596923558211043,8.442161925699693
OM_3,86.0,5.264249743543355,10.237706870494245,0.0,0.0,0.0,4.731292816859132,40.14104233767204
OM_3.35,86.0,0.005318947287965703,0.031249074156042278,0.0,0.0,0.0,0.0,0.2549385188345391
OM_3.4,86.0,0.04805327133441854,0.27592259968911065,0.0,0.0,0.0,0.0,2.2584743595271277
OM_3.5,86.0,6.780834056860371,14.691088352193436,0.0,0.0,0.0545857186723047,2.1539544256104377,68.49176531508603
OM_3.8000000000000003,86.0,0.014518095316849512,0.08953976930761155,0.0,0.0,0.0,0.0,0.7815314585970318
OM_3.92,86.0,0.009920614270007472,0.06647726735685422,0.0,0.0,0.0,0.0,0.5269516550179497
OM_4,86.0,3.9012005199203914,8.328828814876834,0.0,0.0,0.0,2.1976957907911085,40.37028229400858
OM_4.12,86.0,3.347220693320066,6.722120827462624,0.0,0.0,0.0,4.335797093370391,32.920925961076435
OM_4.13,86.0,0.07981699413373125,0.30836970745839,0.0,0.0,0.0,0.0,2.1148507055350443
OM_4.5,86.0,0.35189966986853827,2.4613223251702787,0.0,0.0,0.0,0.0,21.85304653589801
OM_4.97,86.0,0.005426771824082283,0.03490766722790901,0.0,0.0,0.0,0.0,0.2603957811319319
OM_5,86.0,0.009232677015863631,0.061678780846462763,0.0,0.0,0.0,0.0,0.5247411894085658
OM_59,86.0,1.777940026996539,5.4300977861643,0.0,0.0,0.0,0.0,34.201282181706226
OM_5.5,86.0,2.0187746149012575,4.265996564395473,0.0,0.0,0.0,1.8988645199587888,20.75844781664833
OM_5.75,86.0,0.013174570760274106,0.11458581118840987,0.0,0.0,0.0,0.0,1.061031479335785
OM_6,86.0,0.8402308834366343,2.7861952043368,0.0,0.0,0.0,0.28572790184441366,21.76184289166539
OM_6.4,86.0,0.0,0.0,0.0,0.0,0.0,0.0,0.0
OM_6.5,86.0,0.11532045383433612,0.6773314421266057,0.0,0.0,0.0,0.0,5.245007925205149
OM_6.7,86.0,0.006530979344529918,0.04607651039731305,0.0,0.0,0.0,0.0,0.3957096036786082
OM_6.9,86.0,0.026388471460617215,0.18952749706341368,0.0,0.0,0.0,0.0,1.6533736189958748
OM_7,86.0,0.00811639374729334,0.06587039591803999,0.0,0.0,0.0,0.0,0.6048014410144582
OM_71,86.0,2.247112546532913,5.768696463012908,0.0,0.0,0.0,0.0,28.52030878217871
OM_7.75,86.0,0.3944748137786931,1.7850477766074548,0.0,0.0,0.0,0.0,15.516748686972296
OM_8,86.0,0.011996007308604756,0.06066634610944547,0.0,0.0,0.0,0.0,0.4292311505199802
OM_8.3,86.0,0.04694807560298369,0.2491067837473037,0.0,0.0,0.0,0.0,2.0378594309997013
OM_8.34,86.0,0.021376435075615045,0.17050680652978212,0.0,0.0,0.0,0.0,1.5647660003060382
OM_9.5,86.0,0.018354878983327386,0.12382797780615971,0.0,0.0,0.0,0.0,1.1192185877923522
OM_10,86.0,7.125051323770256,18.037318134104652,0.0,0.0,0.0,0.0,72.90963943061044
OM_11,86.0,0.0064542471659243955,0.059854225892417255,0.0,0.0,0.0,0.0,0.555065256269498
OM_12,86.0,0.24930411683851872,1.148025899168706,0.0,0.0,0.0,0.0,8.562536403615367
OM_14,86.0,0.0,0.0,0.0,0.0,0.0,0.0,0.0
OM_25,86.0,0.0013988615126972093,0.009118934350137397,0.0,0.0,0.0,0.0,0.0604351545842615
NLEACHING_,86.0,0.5967349690150765,5.533892445567262,0.0,0.0,0.0,0.0,51.31920733529658
NLEACHING_High,86.0,65.0420465933995,23.32233285832703,0.2716234643853674,48.775414591528154,72.99216701959199,82.61678785713652,99.9544528569853
NLEACHING_Low,86.0,12.425893731479993,14.371860422370286,0.0,2.6573626483963495,6.340050548833781,16.889560958926634,70.94245348646477
NLEACHING_Moderate,86.0,5.683270408078327,8.821498261157547,0.0,0.0,1.013342272506058,7.764814525701974,40.1168554201786
NLEACHING_Not_rated,86.0,8.259292185001154,10.709121594538288,0.0,1.146655602310291,4.485843642468518,10.9463315069333,67.09514796829117
COVERNAME_,86.0,0.5973198589179092,5.539316420368225,0.0,0.0,0.0,0.0,51.36950721598811
COVERNAME_Bare_Land,86.0,0.7742834253658436,1.627876528487882,0.0,0.10491818504893968,0.2624440911495345,0.8093570009887372,13.28349736707314
COVERNAME_Cultivated,86.0,1.5818965656235437,2.7540622108388013,0.0,0.0,0.1097927325626165,2.369242119989222,15.336530555904726
COVERNAME_Deciduous_Forest,86.0,27.36878868785345,15.622711307085188,0.3782360071722875,15.403297399349137,25.726755927754375,34.42020495895167,75.78779608726249
COVERNAME_Developed_Open_Space,86.0,10.065526667869355,6.318496173999046,0.1013714802960243,5.291169718661077,9.325773978501507,12.808838579299582,36.200068714770914
COVERNAME_Estaurine_Aquatic_bed,86.0,0.0,0.0,0.0,0.0,0.0,0.0,0.0
COVERNAME_Estuarine_Emergent_Wetland,86.0,0.20146615438642448,0.6857743136231046,0.0,0.0,0.0,0.0211236201292576,5.4595990750984935
COVERNAME_Estuarine_Forested_Wetland,86.0,0.0016726503809381512,0.015511521509165987,0.0,0.0,0.0,0.0,0.143847932760681
COVERNAME_Estuarine_Scrub/Shrub_Wetland,86.0,0.0008973385612106896,0.006859826415183077,0.0,0.0,0.0,0.0,0.0619460118269053
COVERNAME_Evergreen_Forest,86.0,18.10231806005629,15.023144621901395,0.0,4.294645534349108,17.447500708595093,28.008046700496124,77.1163129251808
COVERNAME_Grassland,86.0,2.549925286277393,2.0046795370009702,0.0,1.114924847089228,2.1671497451129236,3.246899722880418,8.946676455455549
COVERNAME_Impervious,86.0,10.66635696209656,8.66409273076575,0.082427467126809,4.572477828346828,8.0067557705564,13.468232884213268,47.26864069923243
COVERNAME_Palustrine_Aquatic_Bed,86.0,0.4374251324885666,0.8720393838525821,0.0,0.0,0.08225897648428901,0.5377579072011105,6.11547531098504
COVERNAME_Palustrine_Emergent_Wetland,86.0,1.2082252658454848,3.4623877053472585,0.0,0.04291331786920502,0.3673020505092692,0.7162293080513928,27.14331695244428
COVERNAME_Palustrine_Forested_Wetland,86.0,9.594642662288246,9.579077288366383,0.0,3.38263981021694,6.525838392094471,11.677850975886573,60.12397428851218
COVERNAME_Palustrine_Scrub/Shrub_Wetland,86.0,1.288022849747454,2.574509889961149,0.0,0.15210561526264205,0.4391284458181013,1.1877251377563356,19.80690732849712
COVERNAME_Pasture/Hay,86.0,1.4960824625219231,3.1985466827984377,0.0,0.0,0.01829745498437175,0.9386562064680865,16.4557655200436
COVERNAME_Scrub/Shrub,86.0,1.7717252172758136,4.204752177396942,0.0,0.28867558137370236,0.5663484614067492,1.5314728143863483,34.579903035234864
COVERNAME_Unconsolidated_Shore,86.0,0.02958240430351075,0.1457679817221715,0.0,0.0,0.0,5.6043922732539464e-05,1.1607847027838485
COVERNAME_Water,86.0,4.271079806275745,7.350786673365902,0.0,0.09546674773459647,0.9996103307817579,5.930864143251901,33.63793325203929
USEGENNAME_,86.0,0.5973198589179092,5.539316420368225,0.0,0.0,0.0,0.0,51.36950721598811
USEGENNAME_Agriculture,86.0,2.899568064011426,7.138764044685794,0.0,0.0,0.0418901461747853,1.9649447845224743,47.51949378424565
USEGENNAME_Commercial,86.0,4.020702857098058,7.018989301193869,0.0,0.10682817331218572,1.4851435870526775,3.30618029137727,37.46023224242881
USEGENNAME_Forest,86.0,0.2944445748737309,1.1563991099664972,0.0,0.0,0.0,0.0,9.720843973053825
USEGENNAME_Industrial,86.0,0.8197756805552014,2.9284783633360134,0.0,0.0,0.0,0.20334828538603789,24.334565265250767
USEGENNAME_Mixed_use__other,86.0,0.5828873688748857,2.1286223642344018,0.0,0.0,0.0,0.010427055028237875,17.018291796307906
USEGENNAME_Mixed_use__primarily_commercial,86.0,0.06512869615236526,0.3406883695426467,0.0,0.0,0.0,0.0,2.303914439636212
USEGENNAME_Mixed_use__primarily_residential,86.0,0.642865595508426,1.8183649577560421,0.0,0.0,0.0,0.2711909377313386,9.9160284553709
USEGENNAME_Open_land,86.0,18.799760649748624,15.682257455711593,0.1861059686907002,7.404236750426069,14.747618524111264,26.719350526171944,70.05180737009458
USEGENNAME_Recreation,86.0,0.263961586975105,1.042684541580619,0.0,0.0,0.0,0.0,8.815269475223191
USEGENNAME_Residential___multi_family,86.0,4.390592790790114,5.656306314696669,0.0,1.285226689770016,2.355671764014791,5.119681543929717,35.74014732641337
USEGENNAME_Residential___other,86.0,1.3132397173499666,4.6677604142556905,0.0,0.0,0.0,0.062250909020920925,31.610413785611502
USEGENNAME_Residential___single_family,86.0,27.97446431448755,16.12835525804095,0.3352904451402619,16.38505404287052,25.69418168789134,37.72185804512369,78.63045226178993
USEGENNAME_Right_of_way,86.0,6.541902803548195,4.212485335999738,0.0819034520334609,3.581600368415999,6.070350944033512,8.353600638936724,27.5350841398189
USEGENNAME_Tax_exempt,86.0,13.253608755586539,15.518434838851965,0.0,1.945194636836233,9.711376626802537,19.204132619990016,85.23620618069262
USEGENNAME_Unknown,86.0,5.477718926439827,14.603001558244873,0.0,0.0,0.060498681041168796,1.8119312678858788,82.1625800447949
USEGENNAME_Water,86.0,4.069295217217717,7.815887027849089,0.0,0.0,0.43105731655162094,3.3507783278632877,35.627034554832875
CRANBERRY_0,86.0,91.02373686510005,20.019090871444497,1.0000000000000002,95.32348884915683,99.99999999999996,100.0,100.00000000000004
CRANBERRY_1,86.0,0.9835010090023582,1.8561718136437961,0.0,0.0,0.0,1.1865390258457793,11.083376673760242
ACTIVE_0,86.0,91.07813421388848,20.03025631086393,1.0000000000000002,95.32348884915683,99.99999999999996,100.0,100.00000000000004
ACTIVE_1,86.0,0.9291036602139403,1.846816869128658,0.0,0.0,0.0,1.0319652588320478,11.083376673760242
HSG_D,86.0,18.323963992927485,20.661710882663755,0.0,3.5932973559423473,9.920384863381656,28.971463144067783,95.14073607291286
HYDRIC,86.0,22.24015924873587,16.012744009484226,0.0,10.45967254519691,19.27357010967284,29.44899284551913,72.90963943061044
NaturalCover,86.0,69.09613740362829,19.624017136274194,0.8061090039477214,60.56243668149348,74.93544512334572,82.71406208714991,95.78755645274104
Use_Res,86.0,33.67829682262764,18.78816377561375,0.4003473443822952,20.686386456857846,29.290539135605158,46.02424070832667,86.57166636123966
Use_ResComMix,86.0,38.98988134026137,19.235669720657764,0.4643829751064581,24.85125294550842,35.9113124302242,53.553327855451535,86.69736677237404
Use_Mix,86.0,1.290881660535677,3.0586192913534136,0.0,0.0,0.0,0.8067765888393806,17.018291796307906
GT5_Shape_Area,86.0,7080941.228168535,12230731.881161898,37049.67608777209,708048.4265820921,2144127.3156161904,7542330.304516701,62817434.921882585
GT5_SLOPE_,86.0,0.5785200363409145,5.364974109025938,0.0,0.0,0.0,0.0,49.75272312531865
GT5_SLOPE_0,86.0,4.663327759379504,8.795604812523258,0.0,0.273608257719298,2.1468525366466755,4.99449409887076,69.45927951516228
GT5_SLOPE_A,86.0,24.264497346997707,18.366323319097287,0.0,10.120598808552506,20.69093145964934,36.9624088254451,79.06243774635931
GT5_SLOPE_B,86.0,34.35924081494156,18.531715295700078,0.0,22.11155609935864,32.88729814489702,43.05665858095816,95.03502855086836
GT5_SLOPE_C,86.0,18.76780684317764,17.843282051210586,0.0,3.1970898446085823,15.50613151157686,29.105882275941422,72.06403311131422
GT5_SLOPE_D,86.0,8.687878415141414,10.904962908080938,0.0,0.301211096292193,4.460667741301957,13.771210427369331,45.91366686357945
GT5_SLOPE_E,86.0,0.8559003530105609,3.650470663169266,0.0,0.0,0.0,0.0,20.801337827062063
GT5_FRMLNDCLS_,86.0,0.5785200363409145,5.364974109025938,0.0,0.0,0.0,0.0,49.75272312531865
GT5_FRMLNDCLS_All_areas_are_prime_farmland,86.0,11.304505732405762,14.38821762430643,0.0,0.0,3.58961076429338,18.567494483905893,62.879119684043815
GT5_FRMLNDCLS_Farmland_of_statewide_importance,86.0,15.373858446393116,18.90611791342755,0.0,1.1017939144515592,7.851196600213752,22.865597490556954,92.3420430102343
GT5_FRMLNDCLS_Farmland_of_unique_importance,86.0,2.1004118584932012,3.2709174229652596,0.0,0.0,0.7392239491589244,2.652246679052119,17.67538251436984
GT5_FRMLNDCLS_Not_prime_farmland,86.0,62.81971358686436,26.618759824411026,0.6709815520854563,45.345145747604626,63.09077585290835,86.8560598150779,100.00000270564064
GT5_HYDROLGRP_,86.0,0.5785200363409145,5.364974109025938,0.0,0.0,0.0,0.0,49.75272312531865
GT5_HYDROLGRP_A,86.0,61.09619300319912,32.35709793955976,0.0,34.380207558232655,72.47107254695888,87.50456285055274,100.00000047013668
GT5_HYDROLGRP_A/D,86.0,1.72938672735463,4.132262287283994,0.0,0.0,0.15881377342398767,1.2932460114460211,29.860383907745053
GT5_HYDROLGRP_B,86.0,6.007375363926466,11.977689344362396,0.0,0.0,0.0569758893562424,4.278504448457515,63.452106433658
GT5_HYDROLGRP_B/D,86.0,4.4951702953648045,5.068855959192185,0.0,0.8287477549792149,2.76709112200625,6.543130803020605,25.0259422879622
GT5_HYDROLGRP_C,86.0,4.693364728153783,10.263029311005116,0.0,0.0,0.0,2.0757874204925173,39.89253016433687
GT5_HYDROLGRP_C/D,86.0,3.6143163802538387,7.631148093050822,0.0,0.0,0.0,0.46410389394515744,29.81404909702028
GT5_HYDROLGRP_D,86.0,5.408678771609391,13.220707919673446,0.0,0.0,0.0,0.39785823133953624,71.14354040385376
GT5_HYDRCRATNG_,86.0,0.5785200363409145,5.364974109025938,0.0,0.0,0.0,0.0,49.75272312531865
GT5_HYDRCRATNG_No,86.0,75.33573458499872,22.145864249153497,0.5526105011313642,61.90057381440682,83.69070810015857,92.24339312100199,100.00000047013668
GT5_HYDRCRATNG_Unranked,86.0,4.260641226113431,8.651190608846225,0.0,0.11963263975106242,1.6520720281984729,4.643934761072688,69.45898578465504
GT5_HYDRCRATNG_Yes,86.0,11.563566118243827,14.04662663833558,0.0,2.138294142430756,4.96471058125942,15.097557783302207,71.14359725071388
GT5_DRAINCLASS_,86.0,0.5785200363409145,5.364974109025938,0.0,0.0,0.0,0.0,49.75272312531865
GT5_DRAINCLASS_Excessively_drained,86.0,51.834322030239775,32.87610282448337,0.0,28.74358870001709,53.4991318865513,83.07701380027714,99.87812058548124
GT5_DRAINCLASS_Moderately_well_drained,86.0,4.379734502040441,7.31332933127222,0.0,0.0,0.48944349111236307,5.192839133001251,29.81404909702028
GT5_DRAINCLASS_Poorly_drained,86.0,2.946153849606584,7.812387729003335,0.0,0.0,0.0112312215677886,1.954179486152001,57.48989265949035
GT5_DRAINCLASS_Somewhat_excessively_drained,86.0,3.8551541160128746,7.413486722870028,0.0,0.0,0.0,4.0829776038113215,35.81252579666608
GT5_DRAINCLASS_Somewhat_poorly_drained,86.0,0.10369975512441698,0.7351870918175389,0.0,0.0,0.0,0.0,6.343281639559477
GT5_DRAINCLASS_Subaqueous,86.0,0.0,0.0,0.0,0.0,0.0,0.0,0.0
GT5_DRAINCLASS_Very_poorly_drained,86.0,8.617412268637246,9.529591166648785,0.0,2.1226918608985805,4.83836143906691,10.331016468535031,35.43489440627215
GT5_DRAINCLASS_Well_drained,86.0,15.162824181581197,19.044210152799852,0.0,0.0,4.951573839196424,30.749812762629396,72.06403311131422
GT5_DEP2WATTBL_0,86.0,8.804622944480473,11.395117138047478,0.0,1.8550952168592645,4.416509662115606,10.21716760633127,64.79787137999509
GT5_DEP2WATTBL_5,86.0,0.007599597729916202,0.054146188777083354,0.0,0.0,0.0,0.0,0.4692551462670511
GT5_DEP2WATTBL_8,86.0,2.7877800678282276,7.8264358206363775,0.0,0.0,0.0,0.598360712136436,57.48989265949035
GT5_DEP2WATTBL_10,86.0,0.0052682132119448045,0.03346257895146628,0.0,0.0,0.0,0.0,0.2260487453555033
GT5_DEP2WATTBL_15,86.0,0.08941122007303291,0.758103048246573,0.0,0.0,0.0,0.0,7.03288267154427
GT5_DEP2WATTBL_23,86.0,0.15193863659534088,0.8693213846987905,0.0,0.0,0.0,0.0,7.386512252395394
GT5_DEP2WATTBL_29,86.0,0.009475831871869981,0.05131500259465898,0.0,0.0,0.0,0.0,0.3355483361724531
GT5_DEP2WATTBL_30,86.0,0.28784800954530915,1.0830973034771916,0.0,0.0,0.0,0.0,8.69954616798072
GT5_DEP2WATTBL_38,86.0,0.12669160032674856,0.7463520879026675,0.0,0.0,0.0,0.0,6.343281639559477
GT5_DEP2WATTBL_45,86.0,0.2896253151553596,1.092352964500785,0.0,0.0,0.0,0.0,5.874054009353904
GT5_DEP2WATTBL_46,86.0,3.594072144003826,14.284850136111642,0.0,0.0,0.0,0.17098357413247128,95.28483515003492
GT5_DEP2WATTBL_48,86.0,0.06497541616149785,0.549221230903511,0.0,0.0,0.0,0.0,5.073260560895069
GT5_DEP2WATTBL_51,86.0,1.8778280490554793,5.089111678111006,0.0,0.0,0.0,0.0,27.66414218496936
GT5_DEP2WATTBL_54,86.0,0.06158101126860003,0.4693190947724108,0.0,0.0,0.0,0.0,4.259557598115542
GT5_DEP2WATTBL_60,86.0,2.411072094214003,8.483828420476966,0.0,0.0,0.0,0.0,56.95720983175618
GT5_DEP2WATTBL_61,86.0,3.7674909093049664,10.266115629334202,0.0,0.0,0.0,0.0,68.5437137872062
GT5_DEP2WATTBL_64,86.0,0.6632524512300014,1.7048440357638808,0.0,0.0,0.0,0.2561836219301187,9.007189630283266
GT5_DEP2WATTBL_66,86.0,2.068444684007815,6.20045117675341,0.0,0.0,0.0,0.0,31.171580256581176
GT5_DEP2WATTBL_68,86.0,0.03389850643299343,0.13055871466958763,0.0,0.0,0.0,0.0,0.8406770215312563
GT5_DEP2WATTBL_69,86.0,0.046199045242693845,0.2745982850356554,0.0,0.0,0.0,0.0,1.830814821701992
GT5_DEP2WATTBL_73,86.0,0.00013828015507030467,0.0012823574036199914,0.0,0.0,0.0,0.0,0.0118920933360462
GT5_DEP2WATTBL_76,86.0,0.03918788204633467,0.24720223081941678,0.0,0.0,0.0,0.0,1.7837391737063162
GT5_DEP2WATTBL_77,86.0,0.004949205956404636,0.04589704789533155,0.0,0.0,0.0,0.0,0.4256317122507987
GT5_DEP2WATTBL_82,86.0,0.021582844467080052,0.13833554084494568,0.0,0.0,0.0,0.0,1.2409814313169083
GT5_CLAY_0,86.0,0.6869313930707334,5.370162824599483,0.0,0.0,0.0,0.0,49.75272312531865
GT5_CLAY_0.1,86.0,0.0316059235911285,0.2060755168892917,0.0,0.0,0.0,0.0,1.7837391737063162
GT5_CLAY_0.2,86.0,0.0048261752526089765,0.035008436239245766,0.0,0.0,0.0,0.0,0.3076370107642263
GT5_CLAY_0.5,86.0,0.1058747070367701,0.5538312015195517,0.0,0.0,0.0,0.0,3.791993056581873
GT5_CLAY_1,86.0,27.03981347065413,34.429538505023956,0.0,0.0031008118445519,8.377258855298535,50.85911780718335,99.31389488295824
GT5_CLAY_1.3,86.0,0.040429047860688905,0.24224550633688766,0.0,0.0,0.0,0.0,2.1193577533266144
GT5_CLAY_1.5,86.0,0.10653156970900698,0.5374884391134074,0.0,0.0,0.0,0.0,4.243479885895783
GT5_CLAY_2,86.0,4.743390206104891,6.586627122908649,0.0,0.1965280719830451,2.2342996269580357,7.64127533663845,34.78811177141139
GT5_CLAY_2.5,86.0,9.151109557363908,19.03029894669158,0.0,0.0,0.0,5.291024313897184,99.87812058548124
GT5_CLAY_3,86.0,8.860895697754682,18.022809206923327,0.0,0.0,0.0263642758183977,11.859846085212961,95.28483515003492
GT5_CLAY_3.3000000000000003,86.0,0.39135867346176595,1.8816523190653331,0.0,0.0,0.0,0.0,16.439197999886705
GT5_CLAY_4,86.0,11.23370522312706,17.211233412222022,0.0,0.0,1.017639145910861,16.533503853857205,73.86209152824387
GT5_CLAY_4.5,86.0,1.7422843081379116,8.140494271563751,0.0,0.0,0.0,0.0,63.452106433658
GT5_CLAY_4.6000000000000005,86.0,0.020108054191244715,0.11542119675332864,0.0,0.0,0.0,0.0,1.027078614957172
GT5_CLAY_4.7,86.0,0.006216165066989663,0.04724295212949984,0.0,0.0,0.0,0.0,0.4256317122507987
GT5_CLAY_5,86.0,0.02896669764070889,0.21598379881358884,0.0,0.0,0.0,0.0,1.9849512877593007
GT5_CLAY_5.4,86.0,3.4465859081948365,7.194960610778931,0.0,0.0,0.0,3.386294237761089,35.81252579666608
GT5_CLAY_6,86.0,0.06819951248986054,0.2996242415214873,0.0,0.0,0.0,0.0,2.207669230847332
GT5_CLAY_6.5,86.0,0.31351662205759023,1.9661139028707844,0.0,0.0,0.0,0.0,13.485877151352875
GT5_CLAY_7,86.0,9.36960423424954,22.652657656073462,0.0,0.0,0.00544533296648255,1.2034240203247855,95.18914070731005
GT5_CLAY_7.2,86.0,0.004845753615968181,0.032321362971158424,0.0,0.0,0.0,0.0,0.2529904698443664
GT5_CLAY_7.3,86.0,0.02650821414654381,0.20602145941767708,0.0,0.0,0.0,0.0,1.8955923983034293
GT5_CLAY_7.5,86.0,3.883036936275367,9.378971997455073,0.0,0.0,0.0,0.05701736175981792,42.01621997947525
GT5_CLAY_8,86.0,2.9374214109552956,7.777516889496837,0.0,0.0,0.0,0.0,35.231385735595666
GT5_CLAY_9,86.0,0.09753452189438976,0.4705159554638975,0.0,0.0,0.0,0.0,3.146194271595322
GT5_CLAY_9.200000000000001,86.0,0.0,0.0,0.0,0.0,0.0,0.0,0.0
GT5_CLAY_9.5,86.0,0.2896253151553596,1.092352964500785,0.0,0.0,0.0,0.0,5.874054009353904
GT5_CLAY_10,86.0,0.004314797685209042,0.04001378761787663,0.0,0.0,0.0,0.0,0.3710726009279776
GT5_CLAY_10.6,86.0,8.740704953028722e-05,0.0008105796311607808,0.0,0.0,0.0,0.0,0.0075170062596047
GT5_CLAY_11.5,86.0,0.0,0.0,0.0,0.0,0.0,0.0,0.0
GT5_CLAY_13,86.0,0.10369975512441698,0.7351870918175389,0.0,0.0,0.0,0.0,6.343281639559477
GT5_CLAY_15,86.0,0.3397052044765149,1.7031831466449092,0.0,0.0,0.0,0.0,12.392671034782383
GT5_CLAY_19,86.0,0.0,0.0,0.0,0.0,0.0,0.0,0.0
GT5_CLAY_20.2,86.0,0.0052682132119448045,0.03346257895146628,0.0,0.0,0.0,0.0,0.2260487453555033
GT5_CLAY_25,86.0,0.08571799152745442,0.7583531561362663,0.0,0.0,0.0,0.0,7.03288267154427
GT5_CLAY_27,86.0,0.0,0.0,0.0,0.0,0.0,0.0,0.0
GT5_CLAY_27.5,86.0,0.04805744301561111,0.37671342109675937,0.0,0.0,0.0,0.0,3.470158933666176
GT5_CLAY_30,86.0,0.08041478736968775,0.5624667359280312,0.0,0.0,0.0,0.0,4.837619046540645
GT5_OM_0,86.0,0.5785200363409145,5.364974109025938,0.0,0.0,0.0,0.0,49.75272312531865
GT5_OM_05,86.0,0.30677158211910327,1.278945106179599,0.0,0.0,0.0,0.0,7.874197673899896
GT5_OM_08,86.0,0.020357154991195416,0.11374377668238647,0.0,0.0,0.0,0.0,0.8555887731438392
GT5_OM_0.1,86.0,0.002771531771341538,0.014394471638124148,0.0,0.0,0.0,0.0,0.109899253463022
GT5_OM_0.25,86.0,0.10665275708619813,0.6605854037527292,0.0,0.0,0.0,0.0,5.929065198110395
GT5_OM_0.3,86.0,0.0,0.0,0.0,0.0,0.0,0.0,0.0
GT5_OM_0.4,86.0,0.0,0.0,0.0,0.0,0.0,0.0,0.0
GT5_OM_0.7000000000000001,86.0,0.0,0.0,0.0,0.0,0.0,0.0,0.0
GT5_OM_0.75,86.0,0.0,0.0,0.0,0.0,0.0,0.0,0.0
GT5_OM_1,86.0,2.0457672086047367,3.224037972085572,0.0,0.0,0.7392239491589244,2.557468160079664,17.67538251436984
GT5_OM_1.5,86.0,9.245153318660579,18.992236893323362,0.0,0.0,0.05452607835948775,5.291024313897184,99.87812058548124
GT5_OM_1.74,86.0,0.032002423422364694,0.1592686046520419,0.0,0.0,0.0,0.0,1.0542542808121893
GT5_OM_2,86.0,3.149306973113503,14.425249542575346,0.0,0.0,0.0,0.0,95.28483515003492
GT5_OM_2.2,86.0,32.9586572688828,34.33697555700803,0.0,0.0,19.65674853999154,55.02958574524919,99.31389488295824
GT5_OM_2.3000000000000003,86.0,0.001283976694555315,0.0119071100224136,0.0,0.0,0.0,0.0,0.1104219957317571
GT5_OM_2.5,86.0,0.7005732627235465,1.7089094623716747,0.0,0.0,0.0,0.4724084356507082,9.007189630283266
GT5_OM_3,86.0,5.616085771986619,10.869777084270183,0.0,0.0,0.0,5.075285842154077,42.15877699045688
GT5_OM_3.35,86.0,0.0050162029985363656,0.028327572241928042,0.0,0.0,0.0,0.0,0.2174762039118125
GT5_OM_3.4,86.0,0.05003117026435469,0.28023102833133257,0.0,0.0,0.0,0.0,2.2228812615502127
GT5_OM_3.5,86.0,7.146648967900411,15.824943654588617,0.0,0.0,0.0584796881939759,1.9523066453555864,72.06403311131422
GT5_OM_3.8000000000000003,86.0,0.01285990511623057,0.07672795791129096,0.0,0.0,0.0,0.0,0.6430043823326159
GT5_OM_3.92,86.0,0.00938603777372784,0.06549783876792079,0.0,0.0,0.0,0.0,0.5559778941996141
GT5_OM_4,86.0,4.320230765636295,9.366460591970835,0.0,0.0,0.0,2.2742984770039585,42.01621997947525
GT5_OM_4.12,86.0,3.5943445078901575,7.219123293388661,0.0,0.0,0.0,4.184852013676167,35.81252579666608
GT5_OM_4.13,86.0,0.08014387084451376,0.31347955754072054,0.0,0.0,0.0,0.0,2.173935913243193
GT5_OM_4.5,86.0,0.35778630884206925,2.492072279047558,0.0,0.0,0.0,0.0,21.971570092800167
GT5_OM_4.97,86.0,0.0052682132119448045,0.03346257895146628,0.0,0.0,0.0,0.0,0.2260487453555033
GT5_OM_5,86.0,0.007599597729916202,0.054146188777083354,0.0,0.0,0.0,0.0,0.4692551462670511
GT5_OM_59,86.0,1.8561070335095715,5.693377296522514,0.0,0.0,0.0,0.0,37.13290003445498
GT5_OM_5.5,86.0,2.1282961288851396,4.688912356308989,0.0,0.0,0.0,1.7652208265064302,25.93777789846505
GT5_OM_5.75,86.0,0.014703937867557536,0.12774774419798995,0.0,0.0,0.0,0.0,1.182824054631
GT5_OM_6,86.0,0.8113451592971042,2.929834783979043,0.0,0.0,0.0,0.18538913079985095,23.025929008489125
GT5_OM_6.4,86.0,0.0,0.0,0.0,0.0,0.0,0.0,0.0
GT5_OM_6.5,86.0,0.04805744301561111,0.37671342109675937,0.0,0.0,0.0,0.0,3.470158933666176
GT5_OM_6.7,86.0,0.004845753615968181,0.032321362971158424,0.0,0.0,0.0,0.0,0.2529904698443664
GT5_OM_6.9,86.0,0.028834391819786958,0.20564575248683953,0.0,0.0,0.0,0.0,1.7837391737063162
GT5_OM_7,86.0,0.008226368747078671,0.07108896003013163,0.0,0.0,0.0,0.0,0.6579739164258166
GT5_OM_71,86.0,2.3518266476585725,6.030612408736127,0.0,0.0,0.0,0.0,29.5465623404833
GT5_OM_7.75,86.0,0.4059792599610548,1.8816310203760716,0.0,0.0,0.0,0.0,16.439197999886705
GT5_OM_8,86.0,0.012746427588230962,0.06446686983358284,0.0,0.0,0.0,0.0,0.4541331248620843
GT5_OM_8.3,86.0,0.040429047860688905,0.24224550633688766,0.0,0.0,0.0,0.0,2.1193577533266144
GT5_OM_8.34,86.0,0.023525068222697787,0.1909728072057718,0.0,0.0,0.0,0.0,1.7580043667629732
GT5_OM_9.5,86.0,0.020315885356495023,0.1372774420884368,0.0,0.0,0.0,0.0,1.2409814313169083
GT5_OM_10,86.0,7.124087454978969,18.04446619469346,0.0,0.0,0.0,0.0,71.14359725071388
GT5_OM_11,86.0,0.007066775574821707,0.06553458067418387,0.0,0.0,0.0,0.0,0.6077426994346667
GT5_OM_12,86.0,0.20292489040765183,0.9490087272287685,0.0,0.0,0.0,0.0,6.875264128809954
GT5_OM_14,86.0,0.0,0.0,0.0,0.0,0.0,0.0,0.0
GT5_OM_25,86.0,0.0006887596154080778,0.0048911953072542065,0.0,0.0,0.0,0.0,0.042266293783819
GT5_NLEACHING_,86.0,0.5785200363409145,5.364974109025938,0.0,0.0,0.0,0.0,49.75272312531865
GT5_NLEACHING_High,86.0,71.90816666822894,25.16398088894325,0.2664350606387136,52.0918756906207,83.48027462076125,91.55834457567252,100.00000047013668
GT5_NLEACHING_Low,86.0,10.009491336773298,13.506719130012584,0.0,1.7457125739586834,4.427004458104229,12.167719879529278,71.14354040385376
GT5_NLEACHING_Moderate,86.0,4.981642698240285,8.555856503735486,0.0,0.0,0.4031667225711191,6.369574072099164,38.39741248429765
GT5_NLEACHING_Not_rated,86.0,4.699350829405866,8.792905630502403,0.0,0.273608257719298,2.1468525366466755,5.405945141908752,69.45927951516228
GT5_COVERNAME_,86.0,0.5788984389951483,5.368483196077708,0.0,0.0,0.0,0.0,49.78526506797024
GT5_COVERNAME_Bare_Land,86.0,0.8381021095865199,1.766071117245922,0.0,0.11064140406243123,0.30443331100420523,0.8852978535697419,14.485059948696238
GT5_COVERNAME_Cultivated,86.0,1.4905037568680823,2.6401011922622195,0.0,0.0,0.017860338909927997,2.2236786845453853,15.944845640268952
GT5_COVERNAME_Deciduous_Forest,86.0,29.66144365068462,15.709359099556707,0.3809106171142704,18.197053964271365,27.580971399332434,37.71461761361574,75.57850236157377
GT5_COVERNAME_Developed_Open_Space,86.0,11.1170063809743,6.609549811035884,0.1015242997318155,5.816156812341879,10.686608096850875,13.960527644167115,38.26136883546473
GT5_COVERNAME_Estaurine_Aquatic_bed,86.0,0.0,0.0,0.0,0.0,0.0,0.0,0.0
GT5_COVERNAME_Estuarine_Emergent_Wetland,86.0,0.02092445390339541,0.11557128341262392,0.0,0.0,0.0,3.436850808627827e-06,0.9407057457760224
GT5_COVERNAME_Estuarine_Forested_Wetland,86.0,0.0011561147645416953,0.010721367263369527,0.0,0.0,0.0,0.0,0.0994258697505858
GT5_COVERNAME_Estuarine_Scrub/Shrub_Wetland,86.0,2.7562423697975577e-05,0.00024447245013239677,0.0,0.0,0.0,0.0,0.0022659677397705
GT5_COVERNAME_Evergreen_Forest,86.0,20.503558090974092,16.972930011504925,0.0,5.17042032159811,19.877513490124066,30.030497978655287,81.82043499310133
GT5_COVERNAME_Grassland,86.0,2.743749460676009,2.1020685143266675,0.0,1.2222184406748564,2.4375606895503443,3.6305703336637314,9.63389684497769
GT5_COVERNAME_Impervious,86.0,11.96331473563124,9.534488600305318,0.0825907232052922,5.37104775530554,9.363417799795343,15.154876275234155,50.48280805449765
GT5_COVERNAME_Palustrine_Aquatic_Bed,86.0,0.15391577488725242,0.28969010102226306,0.0,0.0,0.01040292949654845,0.14176876992765367,1.3747393755076036
GT5_COVERNAME_Palustrine_Emergent_Wetland,86.0,0.3981860993216471,0.8786840836242089,0.0,0.007860666804908075,0.14919308827402933,0.4082118777585142,7.297356685317774
GT5_COVERNAME_Palustrine_Forested_Wetland,86.0,8.053909786734627,8.181095010879423,0.0,2.3356821051672734,5.14731852059528,10.378512733602834,44.34244013037421
GT5_COVERNAME_Palustrine_Scrub/Shrub_Wetland,86.0,0.7519231821707026,1.4101536928831113,0.0,0.0634464229752589,0.2861774165029507,0.6952174818671994,9.129101983442586
GT5_COVERNAME_Pasture/Hay,86.0,1.4951260574041099,3.2303821562180834,0.0,0.0,0.0116111568296954,0.9990784301810606,15.686643832879248
GT5_COVERNAME_Scrub/Shrub,86.0,1.8302370249870785,4.305891641335452,0.0,0.2775442229447521,0.5811934872757263,1.602014319584075,35.5710970703638
GT5_COVERNAME_Unconsolidated_Shore,86.0,0.0005273161878156024,0.0029136365521342435,0.0,0.0,0.0,0.0,0.0234541293112481
GT5_COVERNAME_Water,86.0,0.5746609150361981,1.0548054520840076,0.0,0.015145374195642675,0.10486661981304471,0.5282320396092796,4.852701976853535
GT5_USEGENNAME_,86.0,0.5788984389951483,5.368483196077708,0.0,0.0,0.0,0.0,49.78526506797024
GT5_USEGENNAME_Agriculture,86.0,2.7701453893315673,6.664975214410928,0.0,0.0,0.0444802238760246,2.0589558070578855,47.69110590513498
GT5_USEGENNAME_Commercial,86.0,4.290270400447033,7.619732752390888,0.0,0.11810096704052045,1.7842523065839409,3.7393432515594305,44.38152142302285
GT5_USEGENNAME_Forest,86.0,0.30677636374635386,1.22309616289633,0.0,0.0,0.0,0.0,10.267052292833316
GT5_USEGENNAME_Industrial,86.0,0.8868886802094367,3.1820533274706757,0.0,0.0,0.0,0.21557279980354888,26.53575537767317
GT5_USEGENNAME_Mixed_use__other,86.0,0.5644666381783336,2.1362960437558582,0.0,0.0,0.0,0.011873778568498349,17.716769235590256
GT5_USEGENNAME_Mixed_use__primarily_commercial,86.0,0.07105615461834515,0.3744024829699972,0.0,0.0,0.0,0.0,2.6235758632636013
GT5_USEGENNAME_Mixed_use__primarily_residential,86.0,0.6428418037395377,1.8821080613553427,0.0,0.0,0.0,0.2613011362041163,10.206128926766349
GT5_USEGENNAME_Open_land,86.0,18.37037880717837,14.43085274790968,0.2129436855297255,7.536230452671304,14.27953701316498,25.46799256088787,58.27170764127506
GT5_USEGENNAME_Recreation,86.0,0.23566380596085687,0.7814165094706073,0.0,0.0,0.0,0.0,5.949377091336686
GT5_USEGENNAME_Residential___multi_family,86.0,4.658685987153052,5.86213239999514,0.0,1.4350824666543043,2.5580358657974847,5.4373520242721485,35.21434238463754
GT5_USEGENNAME_Residential___other,86.0,1.3922901251228688,4.856040839461645,0.0,0.0,0.0,0.07171009843514205,33.409542467365256
GT5_USEGENNAME_Residential___single_family,86.0,30.015870710552996,16.370900635532024,0.3332557728514396,17.351891833599026,28.729744771955644,38.887087397615744,72.88874376861064
GT5_USEGENNAME_Right_of_way,86.0,7.264094147265042,4.510905499248853,0.0839222733012689,4.436434335636721,7.065046615314989,9.18445188109876,28.78147620714147
GT5_USEGENNAME_Tax_exempt,86.0,14.523512838882375,16.967034207415537,0.0,2.084588697103967,10.397477019110429,20.510888021942797,88.14346601476859
GT5_USEGENNAME_Unknown,86.0,5.191647295584464,14.008736853835135,0.0,0.0,0.04425288823022875,1.9769188434730958,82.99629900435967
GT5_USEGENNAME_Water,86.0,0.41368332524531004,1.1984381898320169,0.0,0.0,0.00096585308517925,0.12483522149099846,6.841549987268556
GT5_CRANBERRY_0,86.0,91.3182770615251,19.871849401497695,1.0000000000000002,96.20055282354966,99.99999999999996,100.0,100.00000000000004
GT5_CRANBERRY_1,86.0,0.858894506001873,1.6705784383504,0.0,0.0,0.0,1.226906962610854,10.10355886628104
GT5_ACTIVE_0,86.0,91.36806978181006,19.882072293424844,1.0000000000000002,96.20055282354966,99.99999999999996,100.0,100.00000000000004
GT5_ACTIVE_1,86.0,0.8091017857168968,1.6619191205609627,0.0,0.0,0.0,1.0213027139793514,10.10355886628104
GT5_HSG_D,86.0,15.247552174582658,20.622851144851534,0.0,2.2228304091272806,5.287743159397614,17.388073888361664,94.85557659949752
GT5_HYDRIC,86.0,15.824207344357266,15.8884025048232,0.0,4.385539226891144,10.391510432260596,21.126482064236207,71.14359725071388
GT5_NaturalCover,86.0,67.02744759974235,19.865359178358347,0.8052605321612595,57.57812591029044,73.07480252172007,79.95912133847334,95.51975794973464
GT5_Use_Res,86.0,36.06684682282891,18.834543021112566,0.3965978166999551,22.356455706112172,33.50038463314175,49.3504195202963,86.10722187573293
GT5_Use_ResComMix,86.0,41.63548181981216,19.136586155554514,0.4636102251948343,29.29497209299834,38.89945190547848,55.21018860683657,86.23955790274952
GT5_Use_Mix,86.0,1.2783645965362163,3.1317907069848157,0.0,0.0,0.0,0.8980931913308281,17.716769235590256
LE5_Shape_Area,86.0,777741.940011556,1311491.1225891192,13759.742758964909,83498.5817304254,188921.33764869618,677380.9566928174,6324744.3073243145
LE5_SLOPE_,86.0,0.9141192593352554,8.477193270460262,0.0,0.0,0.0,0.0,78.61425630283196
LE5_SLOPE_0,86.0,24.89893189849286,28.812478041073486,0.0,0.0,14.20724080969738,41.30599291749675,92.2064880490324
LE5_SLOPE_A,86.0,41.789085216348376,32.86015817630619,0.0,10.68189575634078,34.896560499331784,69.08173907321722,100.00000076429328
LE5_SLOPE_B,86.0,14.29631635835263,18.233706068514795,0.0,1.8611399120929586,7.665698464188111,19.061936018061402,99.84651775584824
LE5_SLOPE_C,86.0,5.6515401664475995,10.342509882286384,0.0,0.07762812675909878,1.5531562672828358,5.591241286410851,62.38235814765648
LE5_SLOPE_D,86.0,3.3868356738492835,7.081556489480329,0.0,0.0,0.5000197082728021,4.089605226094777,54.59927699315374
LE5_SLOPE_E,86.0,0.2519743575788995,1.0512570652232196,0.0,0.0,0.0,0.0,7.50894792971329
LE5_FRMLNDCLS_,86.0,0.9141192593352554,8.477193270460262,0.0,0.0,0.0,0.0,78.61425630283196
LE5_FRMLNDCLS_All_areas_are_prime_farmland,86.0,4.30443118482166,11.552768843048678,0.0,0.0,0.0,1.715515511031902,78.9059024048497
LE5_FRMLNDCLS_Farmland_of_statewide_importance,86.0,7.715525235847957,16.279489844067704,0.0,0.0001882603139914,0.7778560079860728,5.774321718770209,99.84651775584824
LE5_FRMLNDCLS_Farmland_of_unique_importance,86.0,8.2378989159193,16.2554923384462,0.0,0.0,0.29257093371643617,8.758337583345114,82.49552671574317
LE5_FRMLNDCLS_Not_prime_farmland,86.0,70.00571806014372,29.48644313270188,0.1534825364583842,55.82853108158356,80.16646496700366,94.81139311024563,100.00000900275856
LE5_HYDROLGRP_,86.0,0.9141192593352554,8.477193270460262,0.0,0.0,0.0,0.0,78.61425630283196
LE5_HYDROLGRP_A,86.0,20.53525179064281,21.446078070731566,0.0,5.76856724357634,13.481872248449777,25.96195702729122,99.84651775584824
LE5_HYDROLGRP_A/D,86.0,9.900768942352874,19.231970762947384,0.0,0.0,0.28547540858088727,11.563382618073513,89.90826384872403
LE5_HYDROLGRP_B,86.0,1.727343958139042,7.918784025741635,0.0,0.0,0.0,0.0010597668567129,67.5023368391215
LE5_HYDROLGRP_B/D,86.0,23.726125534185293,27.882932940731525,0.0,1.8919511762553431,9.700872176937107,44.95967590896134,96.25189616139896
LE5_HYDROLGRP_C,86.0,2.029697798319599,8.384501987120451,0.0,0.0,0.0,0.0,69.4727164609973
LE5_HYDROLGRP_C/D,86.0,1.3839470506809954,4.171304231154921,0.0,0.0,0.0,0.0,23.12227459709237
LE5_HYDROLGRP_D,86.0,6.172864522083638,18.541144710640573,0.0,0.0,0.0,0.14931102224875695,92.09053823465293
LE5_HYDRCRATNG_,86.0,0.9141192593352554,8.477193270460262,0.0,0.0,0.0,0.0,78.61425630283196
LE5_HYDRCRATNG_No,86.0,26.27228644114794,24.180470529027634,0.4533729719671724,8.49297552130254,17.275622830262904,35.10977519929409,99.84651775584824
LE5_HYDRCRATNG_Unranked,86.0,20.88178322559952,28.350660191998813,0.0,0.0,5.999800107487873,31.69802438649798,92.2064880490324
LE5_HYDRCRATNG_Yes,86.0,39.095292399984885,32.06156417295661,0.0,9.417996356725386,33.26208887902377,67.6611621860724,98.31292058492646
LE5_DRAINCLASS_,86.0,0.9141192593352554,8.477193270460262,0.0,0.0,0.0,0.0,78.61425630283196
LE5_DRAINCLASS_Excessively_drained,86.0,17.225032976788995,19.100083969903466,0.0,4.13272444735955,11.082930144366653,21.447014529641677,99.84651775584824
LE5_DRAINCLASS_Moderately_well_drained,86.0,2.828654069505307,5.942017648123722,0.0,0.0,0.06870106363278425,2.9532161547778215,32.25817205467206
LE5_DRAINCLASS_Poorly_drained,86.0,2.022576205368928,5.527355852332917,0.0,0.0,0.0,1.1639282858670914,31.266765343039545
LE5_DRAINCLASS_Somewhat_excessively_drained,86.0,1.4000111393737806,5.322314294932614,0.0,0.0,0.0,0.0422810312035604,28.92467563769176
LE5_DRAINCLASS_Somewhat_poorly_drained,86.0,0.6151107213393757,5.677615776616407,0.0,0.0,0.0,0.0,52.65435626792176
LE5_DRAINCLASS_Subaqueous,86.0,0.0,0.0,0.0,0.0,0.0,0.0,0.0
LE5_DRAINCLASS_Very_poorly_drained,86.0,37.072716194615985,30.823478021987817,0.0,9.13423124152563,31.829840079643738,66.33603500909993,98.16708066742312
LE5_DRAINCLASS_Well_drained,86.0,4.2034775341404895,11.850938209874778,0.0,0.0,0.0,0.7600637566395093,69.4727164609973
LE5_DEP2WATTBL_0,86.0,36.46988584889357,30.138366430984853,0.0,6.236408865502439,33.26208887902377,61.40972402530646,96.25189616139896
LE5_DEP2WATTBL_5,86.0,0.03539794263066362,0.19869701107972526,0.0,0.0,0.0,0.0,1.5035563429384116
LE5_DEP2WATTBL_8,86.0,2.8246753194523673,6.185237526849037,0.0,0.0,0.0,2.5870781171103236,31.266765343039545
LE5_DEP2WATTBL_10,86.0,0.0064775978517857815,0.05560710417863449,0.0,0.0,0.0,0.0,0.5144136411675011
LE5_DEP2WATTBL_15,86.0,0.08242628954111338,0.42647693838435335,0.0,0.0,0.0,0.0,3.633831108139004
LE5_DEP2WATTBL_23,86.0,0.0031670374615901374,0.029369897179730063,0.0,0.0,0.0,0.0,0.2723652216967518
LE5_DEP2WATTBL_29,86.0,0.003464063489143418,0.027543765341810172,0.0,0.0,0.0,0.0,0.251772456781959
LE5_DEP2WATTBL_30,86.0,0.36960857829939997,1.2216382593456836,0.0,0.0,0.0,0.0,5.784769745269659
LE5_DEP2WATTBL_38,86.0,0.8950187798318123,6.189487207068127,0.0,0.0,0.0,0.0,52.65435626792176
LE5_DEP2WATTBL_45,86.0,0.1494475007217121,0.6424916591436762,0.0,0.0,0.0,0.0,3.48025604326079
LE5_DEP2WATTBL_46,86.0,1.07659963040598,3.757625679073789,0.0,0.0,0.0,0.0,23.80147286692892
LE5_DEP2WATTBL_48,86.0,0.012352829297459851,0.08815209984604802,0.0,0.0,0.0,0.0,0.7650024335033715
LE5_DEP2WATTBL_51,86.0,0.5023671246164585,2.093050148206684,0.0,0.0,0.0,0.0,16.178831256463198
LE5_DEP2WATTBL_54,86.0,0.0,0.0,0.0,0.0,0.0,0.0,0.0
LE5_DEP2WATTBL_60,86.0,0.6532959591586988,3.4557800291421517,0.0,0.0,0.0,0.0,27.74737856331121
LE5_DEP2WATTBL_61,86.0,1.7812006053771838,8.416128429820173,0.0,0.0,0.0,0.0,67.5023368391215
LE5_DEP2WATTBL_64,86.0,1.3135700613201478,4.266935813003476,0.0,0.0,0.0,0.7272756083335501,32.25817205467206
LE5_DEP2WATTBL_66,86.0,0.6093966973779373,2.847329459390354,0.0,0.0,0.0,0.0,22.015777626470715
LE5_DEP2WATTBL_68,86.0,0.006942581765412038,0.05211592577277274,0.0,0.0,0.0,0.0,0.4757222910330004
LE5_DEP2WATTBL_69,86.0,0.11655494403291781,0.6099994008124415,0.0,0.0,0.0,0.0,4.800898716139309
LE5_DEP2WATTBL_73,86.0,0.0002606489264502442,0.0024171587051600866,0.0,0.0,0.0,0.0,0.022415807674721
LE5_DEP2WATTBL_76,86.0,0.0004322183670762779,0.003939862471887083,0.0,0.0,0.0,0.0,0.0365387509188766
LE5_DEP2WATTBL_77,86.0,0.0,0.0,0.0,0.0,0.0,0.0,0.0
LE5_DEP2WATTBL_82,86.0,0.0021092934340779896,0.019560782602693283,0.0,0.0,0.0,0.0,0.1813992353307071
LE5_CLAY_0,86.0,1.1244072290750071,8.54552499175068,0.0,0.0,0.0,0.0,78.61425630283196
LE5_CLAY_0.1,86.0,0.05939739140463954,0.40535688177849133,0.0,0.0,0.0,0.0,3.633831108139004
LE5_CLAY_0.2,86.0,7.295815553695776e-07,6.765861005847843e-06,0.0,0.0,0.0,0.0,6.274401376178367e-05
LE5_CLAY_0.5,86.0,0.8301550822022533,3.4903552942885923,0.0,0.0,0.0,0.0,22.28035005338939
LE5_CLAY_1,86.0,7.237827196980948,9.812053562484168,0.0,0.0,3.5878554633448623,10.282748308900684,48.3840282450972
LE5_CLAY_1.3,86.0,0.11567358596086984,0.5448561753981969,0.0,0.0,0.0,0.0,3.546168388808525
LE5_CLAY_1.5,86.0,0.06966102817021352,0.37348305782524827,0.0,0.0,0.0,0.0,2.8867324338250846
LE5_CLAY_2,86.0,11.696400509877389,16.984466410729514,0.0,0.0001882603139914,3.582239971673903,18.036866252513057,82.49552671574317
LE5_CLAY_2.5,86.0,3.6644179354383652,16.068552033920284,0.0,0.0,0.0,0.0740925947687238,99.84651775584824
LE5_CLAY_3,86.0,3.653978142363666,9.067377817870552,0.0,0.0,0.0,1.7891335404046442,54.59927699315374
LE5_CLAY_3.3000000000000003,86.0,0.23306533804134666,1.2671142789640206,0.0,0.0,0.0,0.0,9.770734804426333
LE5_CLAY_4,86.0,5.189790545968325,11.073551542085259,0.0,0.0,0.0,4.038296367954996,69.4727164609973
LE5_CLAY_4.5,86.0,1.0747513415551804,7.3900847931915035,0.0,0.0,0.0,0.0,67.5023368391215
LE5_CLAY_4.6000000000000005,86.0,0.002323016607479522,0.01643310646728007,0.0,0.0,0.0,0.0,0.1419382784574911
LE5_CLAY_4.7,86.0,0.0,0.0,0.0,0.0,0.0,0.0,0.0
LE5_CLAY_5,86.0,0.0021092934340779896,0.019560782602693283,0.0,0.0,0.0,0.0,0.1813992353307071
LE5_CLAY_5.4,86.0,1.1669279154895564,4.540959877472509,0.0,0.0,0.0,0.003075893852442925,26.02582527853596
LE5_CLAY_6,86.0,0.07292816648086607,0.32000235353231216,0.0,0.0,0.0,0.0,2.307017076630379
LE5_CLAY_6.5,86.0,0.11722061211502545,1.087059236563228,0.0,0.0,0.0,0.0,10.080972641892188
LE5_CLAY_7,86.0,3.131225729054393,8.57424274291482,0.0,0.0,0.0,0.8719362051369388,41.12046348294809
LE5_CLAY_7.2,86.0,0.01900215447089149,0.1574962156588344,0.0,0.0,0.0,0.0,1.4512070619944617
LE5_CLAY_7.3,86.0,0.0014300783290625782,0.013261607647269526,0.0,0.0,0.0,0.0,0.1229831323048616
LE5_CLAY_7.5,86.0,0.14793700474186297,1.2788235457125898,0.0,0.0,0.0,0.0,11.85819455414867
LE5_CLAY_8,86.0,4.911718026749671,15.896672532996742,0.0,0.0,0.0,0.0,79.1204375434656
LE5_CLAY_9,86.0,0.3018071133998507,2.3837364046872946,0.0,0.0,0.0,0.0,22.015777626470715
LE5_CLAY_9.200000000000001,86.0,0.0,0.0,0.0,0.0,0.0,0.0,0.0
LE5_CLAY_9.5,86.0,0.1494475007217121,0.6424916591436762,0.0,0.0,0.0,0.0,3.48025604326079
LE5_CLAY_10,86.0,0.026621266323873998,0.24687546775459474,0.0,0.0,0.0,0.0,2.289428903853164
LE5_CLAY_10.6,86.0,0.00014554005649824534,0.0013496829597776183,0.0,0.0,0.0,0.0,0.0125164448588491
LE5_CLAY_11.5,86.0,0.0,0.0,0.0,0.0,0.0,0.0,0.0
LE5_CLAY_13,86.0,0.6151107213393757,5.677615776616407,0.0,0.0,0.0,0.0,52.65435626792176
LE5_CLAY_15,86.0,0.24294902012830477,2.1382931170232196,0.0,0.0,0.0,0.0,19.831842742610963
LE5_CLAY_19,86.0,0.0,0.0,0.0,0.0,0.0,0.0,0.0
LE5_CLAY_20.2,86.0,0.0064775978517857815,0.05560710417863449,0.0,0.0,0.0,0.0,0.5144136411675011
LE5_CLAY_25,86.0,0.0137524077200746,0.1275345825904814,0.0,0.0,0.0,0.0,1.1827070639264157
LE5_CLAY_27,86.0,0.0,0.0,0.0,0.0,0.0,0.0,0.0
LE5_CLAY_27.5,86.0,0.4387968766481807,2.690342018237406,0.0,0.0,0.0,0.0,23.50220933612684
LE5_CLAY_30,86.0,0.021188097720918894,0.15551407631784703,0.0,0.0,0.0,0.0,1.376995060916449
LE5_OM_0,86.0,0.9141192593352554,8.477193270460262,0.0,0.0,0.0,0.0,78.61425630283196
LE5_OM_05,86.0,0.8597987655227682,3.899556669870858,0.0,0.0,0.0,0.0,30.255157924837505
LE5_OM_08,86.0,0.032504211318375054,0.1945569319993374,0.0,0.0,0.0,0.0,1.552507716841886
LE5_OM_0.1,86.0,0.05897252220790842,0.40540026908652843,0.0,0.0,0.0,0.0,3.633831108139004
LE5_OM_0.25,86.0,0.017868964326483393,0.13707187888761757,0.0,0.0,0.0,0.0,1.239390045999396
LE5_OM_0.3,86.0,0.0,0.0,0.0,0.0,0.0,0.0,0.0
LE5_OM_0.4,86.0,0.0,0.0,0.0,0.0,0.0,0.0,0.0
LE5_OM_0.7000000000000001,86.0,0.0,0.0,0.0,0.0,0.0,0.0,0.0
LE5_OM_0.75,86.0,0.0,0.0,0.0,0.0,0.0,0.0,0.0
LE5_OM_1,86.0,8.129691920945584,16.187618299842487,0.0,0.0,0.2559981200058251,8.758337583345114,82.49552671574317
LE5_OM_1.5,86.0,3.7189258459562837,16.059514153891374,0.0,0.0,0.0,0.2767278977297155,99.84651775584824
LE5_OM_1.74,86.0,0.02863842059306248,0.15881666224448016,0.0,0.0,0.0,0.0,1.3346556956661255
LE5_OM_2,86.0,1.0378192655879452,6.205903796330617,0.0,0.0,0.0,0.0,54.59927699315374
LE5_OM_2.2,86.0,9.90224492436473,12.269351535963978,0.0,0.0,4.74140894707301,16.51873687554122,50.42327955338871
LE5_OM_2.3000000000000003,86.0,0.0,0.0,0.0,0.0,0.0,0.0,0.0
LE5_OM_2.5,86.0,1.3135700613201478,4.266935813003476,0.0,0.0,0.0,0.7272756083335501,32.25817205467206
LE5_OM_3,86.0,1.748686505131033,7.081432358828731,0.0,0.0,0.0,0.00029881613506701425,52.65435626792176
LE5_OM_3.35,86.0,0.010639856589650325,0.09545952782727322,0.0,0.0,0.0,0.0,0.8851014099007256
LE5_OM_3.4,86.0,0.030604423502636095,0.27976887933740613,0.0,0.0,0.0,0.0,2.5946404699662966
LE5_OM_3.5,86.0,3.204318528817183,11.215149915880213,0.0,0.0,0.0,0.5017042709101159,69.4727164609973
LE5_OM_3.8000000000000003,86.0,0.03534030537369285,0.2713927067708702,0.0,0.0,0.0,0.0,2.499588099974017
LE5_OM_3.92,86.0,0.0141413416315231,0.10274504148915235,0.0,0.0,0.0,0.0,0.9038709591644082
LE5_OM_4,86.0,0.5489394387141782,1.8871161862609858,0.0,0.0,0.0,0.00037813168370355,11.85819455414867
LE5_OM_4.12,86.0,1.1671265568193832,4.540917201983676,0.0,0.0,0.0,0.003075893852442925,26.02582527853596
LE5_OM_4.13,86.0,0.08326183309924397,0.33259884556829944,0.0,0.0,0.0,0.0,1.9383499658626384
LE5_OM_4.5,86.0,0.28241777731735235,2.140452362873689,0.0,0.0,0.0,0.0,19.674318624007046
LE5_OM_4.97,86.0,0.0064775978517857815,0.05560710417863449,0.0,0.0,0.0,0.0,0.5144136411675011
LE5_OM_5,86.0,0.03539794263066362,0.19869701107972526,0.0,0.0,0.0,0.0,1.5035563429384116
LE5_OM_59,86.0,0.6587860503318551,3.438538663471861,0.0,0.0,0.0,0.0,29.00717237627351
LE5_OM_5.5,86.0,1.8379406227330437,5.722621098718105,0.0,0.0,0.0,0.12296772821279736,34.34308211214307
LE5_OM_5.75,86.0,0.0014300364221495536,0.013261612213678609,0.0,0.0,0.0,0.0,0.1229831323048616
LE5_OM_6,86.0,1.5201211034621533,4.542373072681457,0.0,0.0,0.0,0.0,25.88995037166488
LE5_OM_6.4,86.0,0.0,0.0,0.0,0.0,0.0,0.0,0.0
LE5_OM_6.5,86.0,0.4387968766481807,2.690342018237406,0.0,0.0,0.0,0.0,23.50220933612684
LE5_OM_6.7,86.0,0.01900215447089149,0.1574962156588344,0.0,0.0,0.0,0.0,1.4512070619944617
LE5_OM_6.9,86.0,0.0004248691967311233,0.003940074840972153,0.0,0.0,0.0,0.0,0.0365387509188766
LE5_OM_7,86.0,0.007458800162022809,0.0514250374395476,0.0,0.0,0.0,0.0,0.429899159798384
LE5_OM_71,86.0,0.6317615195570802,2.48154703377619,0.0,0.0,0.0,0.0,16.178831256463198
LE5_OM_7.75,86.0,0.23375400006728994,1.2670022075170222,0.0,0.0,0.0,0.0,9.770734804426333
LE5_OM_8,86.0,0.0012057722452850162,0.011181871795230492,0.0,0.0,0.0,0.0,0.1036964130945114
LE5_OM_8.3,86.0,0.11567358596086984,0.5448561753981969,0.0,0.0,0.0,0.0,3.546168388808525
LE5_OM_8.34,86.0,0.005274265531092943,0.04140046157468559,0.0,0.0,0.0,0.0,0.3771457993364683
LE5_OM_9.5,86.0,0.0021092934340779896,0.019560782602693283,0.0,0.0,0.0,0.0,0.1813992353307071
LE5_OM_10,86.0,6.793829298531032,20.542645094970734,0.0,0.0,0.0,0.0,94.35661616123768
LE5_OM_11,86.0,0.0017365436434981188,0.016104043250579656,0.0,0.0,0.0,0.0,0.1493427533408382
LE5_OM_12,86.0,0.9892744327271884,4.62299289204028,0.0,0.0,0.0,0.0,36.94456183104498
LE5_OM_14,86.0,0.0,0.0,0.0,0.0,0.0,0.0,0.0
LE5_OM_25,86.0,0.006805372436580615,0.04707127229076256,0.0,0.0,0.0,0.0,0.3952273155127622
LE5_NLEACHING_,86.0,0.9141192593352554,8.477193270460262,0.0,0.0,0.0,0.0,78.61425630283196
LE5_NLEACHING_High,86.0,23.860588387005045,22.039520007876042,0.3699742691169093,7.867895883694866,16.967447836442293,30.694981687257176,99.84651775584824
LE5_NLEACHING_Low,86.0,29.80225736602038,29.061373817700293,0.0,3.991393444877043,19.409560656113825,55.168670335525675,96.25189616139896
LE5_NLEACHING_Moderate,86.0,11.704733088107417,20.690780923776313,0.0,0.0,2.1929230433743987,12.824976551976519,89.90826384872403
LE5_NLEACHING_Not_rated,86.0,24.907104829936795,28.823650832686184,0.0,0.0,14.20724080969738,41.30599291749675,92.2064880490324
LE5_COVERNAME_,86.0,0.9183020671668718,8.515983017047255,0.0,0.0,0.0,0.0,78.97397761610186
LE5_COVERNAME_Bare_Land,86.0,0.15101402297876113,0.45106525626643496,0.0,0.0,0.00227379074988585,0.06696116813272521,2.8563569486814178
LE5_COVERNAME_Cultivated,86.0,2.456572425325637,7.439471420164252,0.0,0.0,0.0,0.7609618731956407,57.79478989672477
LE5_COVERNAME_Deciduous_Forest,86.0,14.589785096126207,18.830320624048294,0.3204162541254806,2.328224552764496,5.4572688443467285,19.986948284441567,79.77407640669335
LE5_COVERNAME_Developed_Open_Space,86.0,2.7038513022506074,4.642313779248603,0.0,0.20823146779585056,0.6904599543196459,2.528861555277983,25.52413199577781
LE5_COVERNAME_Estaurine_Aquatic_bed,86.0,0.0,0.0,0.0,0.0,0.0,0.0,0.0
LE5_COVERNAME_Estuarine_Emergent_Wetland,86.0,2.6787818993077535,10.301207392529752,0.0,0.0,0.0,0.2687780032288692,82.33038595644237
LE5_COVERNAME_Estuarine_Forested_Wetland,86.0,0.009488704980886192,0.08799463000904846,0.0,0.0,0.0,0.0,0.8160286283562126
LE5_COVERNAME_Estuarine_Scrub/Shrub_Wetland,86.0,0.015959425019827514,0.11954849953083344,0.0,0.0,0.0,0.0,1.070194457152248
LE5_COVERNAME_Evergreen_Forest,86.0,3.2433993320794996,5.038156024948649,0.0,0.3005331135319713,1.0646697492000428,4.399219241669881,22.506830522465336
LE5_COVERNAME_Grassland,86.0,1.1345096665117407,2.2587591737766464,0.0,0.02288094832196715,0.19687356855529636,1.0481868141225785,14.813486241481003
LE5_COVERNAME_Impervious,86.0,2.3371673004110893,4.223080219119199,0.0,0.10225804824837535,0.6278358388319538,2.9363801219098735,29.6950167383812
LE5_COVERNAME_Palustrine_Aquatic_Bed,86.0,2.673394911853564,5.687405724620335,0.0,0.0,0.08963418223925484,1.452280213291412,25.977809011542856
LE5_COVERNAME_Palustrine_Emergent_Wetland,86.0,5.091924957791709,12.297140200380298,0.0,0.0,0.7037820690594196,3.230041538400914,72.17505352197375
LE5_COVERNAME_Palustrine_Forested_Wetland,86.0,22.176952849079047,22.477017900985498,0.0,5.712504791333668,13.740056881652528,34.44304306779063,98.0805159097443
LE5_COVERNAME_Palustrine_Scrub/Shrub_Wetland,86.0,5.855009837504293,11.77884059178451,0.0,0.016461597121196825,0.8551680240811854,5.279833021742004,67.79863721411114
LE5_COVERNAME_Pasture/Hay,86.0,1.6471497522694636,5.55448022725844,0.0,0.0,0.0,0.0,32.974051722987134
LE5_COVERNAME_Scrub/Shrub,86.0,1.1937696516454894,3.59555291587742,0.0,0.002454140354339975,0.11986150545599819,0.6197496304999873,23.67238763532017
LE5_COVERNAME_Unconsolidated_Shore,86.0,0.23760069301125333,1.1688932898045117,0.0,0.0,0.0,0.00042084060644602503,9.722257285449858
LE5_COVERNAME_Water,86.0,22.074169660950634,28.765617741614594,0.0,0.05324479611596469,7.020193360930825,36.825086239424635,91.8713059476994
LE5_USEGENNAME_,86.0,0.9183020671668718,8.515983017047255,0.0,0.0,0.0,0.0,78.97397761610186
LE5_USEGENNAME_Agriculture,86.0,4.501273019061705,15.920332641997684,0.0,0.0,0.0,0.2789227544433558,99.17050255927693
LE5_USEGENNAME_Commercial,86.0,1.994133370815994,6.611392055930022,0.0,0.0,0.0,0.6813594503144575,49.91543701906159
LE5_USEGENNAME_Forest,86.0,0.342631595222605,2.860238105584596,0.0,0.0,0.0,0.0,26.466742587276475
LE5_USEGENNAME_Industrial,86.0,0.10954819995773281,0.6010170023120843,0.0,0.0,0.0,0.0,5.159702291505047
LE5_USEGENNAME_Mixed_use__other,86.0,0.8682856677617412,4.592242318866648,0.0,0.0,0.0,0.0,37.15036036522454
LE5_USEGENNAME_Mixed_use__primarily_commercial,86.0,0.020983641645902794,0.14428446530134642,0.0,0.0,0.0,0.0,1.2789735167379226
LE5_USEGENNAME_Mixed_use__primarily_residential,86.0,0.7316010294682476,2.7013304466654726,0.0,0.0,0.0,0.0,19.812730933644524
LE5_USEGENNAME_Open_land,86.0,19.954529165101675,25.31225592161224,0.0,1.5101226895811846,7.689726923374689,28.118285083866876,99.61036106598804
LE5_USEGENNAME_Recreation,86.0,0.4615180914252583,3.4693513501298074,0.0,0.0,0.0,0.0,31.706227262865983
LE5_USEGENNAME_Residential___multi_family,86.0,3.2363124278830435,7.322119800700657,0.0,0.00026146409376345,0.3093716631718765,2.0930778505026613,44.92208635699889
LE5_USEGENNAME_Residential___other,86.0,0.5068773864721474,3.2334232855441165,0.0,0.0,0.0,0.0,29.368054231616835
LE5_USEGENNAME_Residential___single_family,86.0,21.02627011778802,25.856118682111152,0.0,2.3436516187149605,10.809641097040796,32.62757387260577,99.94953772002718
LE5_USEGENNAME_Right_of_way,86.0,2.187180488846873,3.4432795211144627,0.0,0.1640074106229025,0.8626333816768403,1.9194720239646836,19.582105371369
LE5_USEGENNAME_Tax_exempt,86.0,5.218690628663137,11.844864569008763,0.0,0.0,0.22073591525965658,2.982694208334598,68.86070549405638
LE5_USEGENNAME_Unknown,86.0,7.972732074202346,21.75492083324002,0.0,0.0,0.0,0.9199616066855248,96.0919404095517
LE5_USEGENNAME_Water,86.0,21.13793458478102,30.03734876556597,0.0,0.0,2.4142168611846793,33.72758306548329,94.59935798637017
LE5_CRANBERRY_0,86.0,88.87488145382777,23.16314455956559,1.0,91.39032213752506,100.0,100.0,100.00000000000004
LE5_CRANBERRY_1,86.0,2.3139215163047595,6.954744812775255,0.0,0.0,0.0,0.07156249291347093,49.14307813165274
LE5_ACTIVE_0,86.0,88.96620191855882,23.181377756748788,1.0,91.39032213752506,100.0,100.0,100.00000007584904
LE5_ACTIVE_1,86.0,2.2226010515737213,6.9459172334758525,0.0,0.0,0.0,0.0230163543383255,49.14307813165274
LE5_HSG_D,86.0,41.1837060493028,33.199006144784924,0.0,9.81607837197985,35.09437244861241,69.4533134698027,100.0000016603804
LE5_HYDRIC,86.0,59.97707562558442,29.19603030319327,0.0,34.30908152698248,67.93664212401754,83.96127923852163,98.31292058492646
LE5_NaturalCover,86.0,82.77291046111009,24.31872498092271,0.8221925408244269,81.91401115525765,91.76308275038943,98.76760907852699,99.99999980404084
LE5_Use_Res,86.0,24.769459932143217,28.93633177977304,0.0,2.729530665067155,11.659114044607835,38.37621301152043,99.94953772002718
LE5_Use_ResComMix,86.0,28.384463641835108,29.205044284131528,0.0,3.9323985936522776,16.24122811868566,48.6044029983206,99.94953772002718
LE5_Use_Mix,86.0,1.6208703388758914,5.349111534227304,0.0,0.0,0.0,0.0021040168595828253,38.47697692256614
