Region_MEP,x_coor,y_coor,y,ols_residual,mgwr_yhat,mgwr_residual,localR2,beta_Intercept,beta_NaturalCover,beta_LE5_Use_ResComMix,beta_COVERNAME_Impervious,se_Intercept,se_NaturalCover,se_LE5_Use_ResComMix,se_COVERNAME_Impervious,t_Intercept,t_NaturalCover,t_LE5_Use_ResComMix,t_COVERNAME_Impervious,p_Intercept,p_NaturalCover,p_LE5_Use_ResComMix,p_COVERNAME_Impervious,sumW_Intercept,sumW_NaturalCover,sumW_LE5_Use_ResComMix,sumW_COVERNAME_Impervious
Cape Cod > Allen > Cold Spring Brook,-70.061295,41.669714,-0.053394577469701957,-0.2686111992961375,0.13066897900673724,-0.18406355647643918,0.32815160601503224,0.06529271681894303,-0.005272512944040884,0.08845099286527836,0.22868738789623674,0.14026638588857723,0.1275725745442649,0.12712823818637875,0.13730079417264948,0.4654908330696515,-0.04132951743645682,0.6957619654541511,1.6655940650181003,0.643185188149169,0.9671639058638781,0.4891366621146144,0.10075981798335566,29.18758439370671,42.702623797230146,42.702623797230146,25.564316123143108
Cape Cod > Allen > E Saquatucket Stream,-70.05788199999999,41.671203000000006,-0.003993089057367468,0.040266579250335915,0.003965938890084229,-0.007959027947451697,0.3275199692391946,0.06384224436419425,-0.005201322787269454,0.08849158759674064,0.2269397619028974,0.14029303028187728,0.12764799357455708,0.12719571061239743,0.1373153364944181,0.45506354974243673,-0.040747391648043786,0.6957120422590383,1.652690571181192,0.6506278930707678,0.9676261400546482,0.48916771834230766,0.10336945830209124,29.221154965627257,42.65603445046279,42.65603445046279,25.635427908839855
Cape Cod > Allen > Un-name Creek at Kilde Rd,-70.086065,41.668484,-0.0970958941421517,-0.653614932755133,0.37378496253742555,-0.47088085667957724,0.3319708047440513,0.0753295164728723,-0.00613025744350674,0.0878345842719697,0.24095765121942805,0.1398307191631462,0.12699108621100608,0.12661731712360172,0.1373553730210041,0.538719366700691,-0.048273131811163626,0.6937011955973371,1.7542644741140292,0.5919790700063712,0.9616512777957319,0.49041952969066704,0.08424798204944488,29.299279432764763,43.337554840846124,43.337554840846124,25.456965841275448
Cape Cod > Barnstable > Alder Brook,-70.384253,41.714883,-0.2510005311190397,0.08668726838937696,-0.20923039237532431,-0.04177013874371538,0.3844817501022877,0.13568653819062182,-0.0259279969195959,0.06869200366127626,0.5691711144579008,0.14188184422094088,0.12572558542355727,0.13040454613363903,0.14346441239976573,0.9563347511844319,-0.20622689353361928,0.5267608047259369,3.9673331172325645,0.3425586280752887,0.837278697291969,0.6002095891211385,0.00018865478037006063,27.704689398972683,41.84363638069888,41.84363638069888,26.538883162413562
Cape Cod > Barnstable > Boat Cove Creek,-70.37943800000001,41.711745,-0.5778103775390981,-0.23517637431400829,-0.248214189976514,-0.32959618756258413,0.38414646143671727,0.14225932254712495,-0.02554054263451402,0.06946251725708182,0.5645371481612813,0.14260963977459637,0.12564326699224046,0.1301870607035125,0.14407667563151924,0.9975435235091743,-0.2032782436013174,0.533559302143517,3.9183104807686107,0.3223168982752095,0.8395727045250113,0.5955239947482907,0.00022222820285101204,27.62138492758199,42.070015283165304,42.070015283165304,26.539451199960112
Cape Cod > Barnstable > Bridge Creek,-70.363259,41.7024369,-0.6481124956643434,-0.29296038145268927,-0.2841566147654833,-0.36395588089886005,0.38263400089722244,0.16585918606213998,-0.02419411118435289,0.07184581042125565,0.5477534140931326,0.14564180523820472,0.12535535525942057,0.12941244650921213,0.1464962595127492,1.1388157802003942,-0.19300420898878734,0.5551692465387505,3.739026620304002,0.2590919117593513,0.8475765389551027,0.58074487473329,0.00040089531638978375,27.102994955987675,42.75504169690431,42.75504169690431,26.29212602040362
Cape Cod > Barnstable > Chase Garden Creek,-70.20151,41.733119,0.13091097545323824,-0.19118936360927288,0.40161699463573386,-0.2707060191824956,0.3427720607725502,0.12408804217812641,-0.012684865008464361,0.08110826524155826,0.31222413880162503,0.13817367365939578,0.1244416651932474,0.12461802362607399,0.1398033894769108,0.8980585005216618,-0.10193422748535097,0.6508550118314336,2.233308791509596,0.372573775860244,0.9191326297494099,0.5175069627305091,0.02908846989463008,28.062274166578383,46.50171624766932,46.50171624766932,23.650706289398933
Cape Cod > Barnstable > Maraspin Creek,-70.28828299999999,41.703134000000006,2.1373714278926674,2.4519311491899765,-0.07023864668782209,2.2076100745804896,0.3647363950291911,0.2243884068187309,-0.01771868974479226,0.0774246711662408,0.4530853195803735,0.15650096847396058,0.12384482214387739,0.12536637956252328,0.15531783123889048,1.4337828641364976,-0.14307170407340467,0.6175871987084641,2.917149408836995,0.15657901970251367,0.8866901737633639,0.5390734968973532,0.004890144341953181,24.235121625726222,45.5396626761528,45.5396626761528,22.7180048650305
Cape Cod > Barnstable > Whites Brook Discharge,-70.22387900000001,41.705088,-0.05624466333964422,0.41138115356118493,-0.1972658818996847,0.14102121856004046,0.3509690514538726,0.16645779713505127,-0.013476119493786057,0.08107760567378922,0.3607531766735169,0.1455760687352371,0.12416459957503982,0.12463812422402604,0.14725407761110867,1.1434420408603856,-0.10853431283883505,0.6505040586783813,2.449868842520271,0.25718151621904733,0.913916807235757,0.5177320662945575,0.017081842831496233,26.387889799147963,46.321820564095866,46.321820564095866,23.49922462628367
Cape Cod > Bass River > Fresh Pond,-70.154567,41.670598,-0.06479492094947145,0.09021689942983052,-0.0474333267571828,-0.01736159419228865,0.34319608739397045,0.11483055541517684,-0.009132756424166708,0.08564451865004846,0.2938407222310977,0.14044344987137278,0.1254836268437247,0.12542296554392093,0.14116052313569488,0.8176284157099966,-0.07278046270961308,0.6828455879561964,2.0816069231242103,0.4166509703758631,0.9422113951558028,0.49720782707746547,0.041447318884305306,28.700053889973447,44.85141275414534,44.85141275414534,24.65907253170903
Cape Cod > Bass River > Hamblin Brook,-70.213453,41.70069,0.3646180167885127,0.38122361514676134,0.10331497273190898,0.2613030440566037,0.34967472738258243,0.15542497246999878,-0.012815697015462157,0.08180807238408405,0.3485240039262074,0.143645877249935,0.12432591207134588,0.12470216651015398,0.1457164733747342,1.0820009278760496,-0.10308146388749369,0.6560276751681196,2.3917954906163548,0.2833763289012723,0.9182257454973979,0.5141952094790521,0.01976299818617003,27.20247340696124,46.2412606707225,46.2412606707225,24.055906200587014
Cape Cod > Centerville > Bumps River,-70.362306,41.648377,3.779020888979474,3.379256303338372,0.6362144063190553,3.1428064826604185,0.39738866976611587,0.17471245235834443,-0.026102695763824454,0.08066560056002926,0.5629157689799675,0.14174785054356712,0.12810266550090535,0.13440183649747145,0.14242547322540405,1.232558036600671,-0.20376387690106243,0.6001822792171955,3.952353158687359,0.2223206591015792,0.8391947922364311,0.5505376478278723,0.0001983585987862446,28.996855713093147,40.26895015555448,40.26895015555448,28.03968915617996
Cape Cod > Centerville > Lake Elizabeth Stream,-70.335589,41.637221999999994,0.9308350762837306,0.8679032903203147,0.28983560585143253,0.6409994704322981,0.393327555925054,0.20551178781753948,-0.023326376689645302,0.0834531962289617,0.5332809903040379,0.14633840379026825,0.1273407246407731,0.13231732837742627,0.14703615898096345,1.404359911647515,-0.18318080688993074,0.630704967008683,3.626869703343386,0.1651227362264589,0.8552444099496423,0.5305148484869615,0.0005755439114236745,27.263506486585037,40.69000792963007,40.69000792963007,26.24505853122313
Cape Cod > Centerville > Long Pond Stream,-70.335213,41.651839,-0.8723192507664767,-0.3678059797906751,-0.32307041177854523,-0.5492488389879314,0.38905512011695054,0.20799854110391378,-0.02273054353642528,0.08049316658339027,0.5274730123702009,0.14812321037302464,0.12651349539125603,0.13085236381029955,0.14824576469306436,1.4042265258773603,-0.17966892358897152,0.6151449178257379,3.5580983609367065,0.1651622706899129,0.8579891274290694,0.5406747453414067,0.0007162893619667543,27.109477934622674,41.80747146174144,41.80747146174144,26.35929086534717
Cape Cod > Centerville > Skunknett River,-70.371382,41.645515,0.9612359922297826,0.902435860780411,0.20151319717672084,0.7597227950530618,0.4006092060520273,0.1631857004314538,-0.0274321207461025,0.08138365327617082,0.5761275257579188,0.13968432270355732,0.1288399789069643,0.13602938170585097,0.14217028521587197,1.168246352010253,-0.21291621574939334,0.598279961693528,4.052376520755545,0.24710939273977356,0.8320797799976649,0.5517980645190351,0.0001416520291572544,29.721429800241587,39.5770245366848,39.5770245366848,27.459630971112865
Cape Cod > Chatham > Ryder Cove,-69.984561,41.706483,-0.2624008745988092,0.07396087673872148,-0.16478476152684396,-0.09761611307196522,0.31562730256478144,0.04104065580760939,-0.0040980893712739795,0.08936462407587953,0.20123696533862237,0.14183458052950498,0.1292657171079491,0.12866627972761685,0.1399174360339818,0.28935578089908726,-0.03170283245210087,0.694545799140708,1.4382550955961477,0.7732592422326627,0.9748092609098806,0.48989352435231803,0.155310989088655,28.85462114545047,41.20141655778667,41.20141655778667,25.829999418111157
Cape Cod > Chatham > Stillwater Pond,-69.970673,41.702013,-0.48850768694757063,-0.2057202249327938,-0.14201888863564166,-0.34648879831192897,0.3143941885653849,0.03881879188816362,-0.0036086551093062157,0.08977223435571106,0.19864114766889876,0.14236334575619258,0.12959589100426558,0.12897720102728763,0.14034423802293375,0.2726740628493206,-0.02784544387435431,0.696031807487573,1.4153851306416918,0.7859955506394013,0.9778734411302816,0.4889688175730186,0.1618801036090792,28.37648792112729,40.63592178021653,40.63592178021653,25.363520136821982
Cape Cod > Falmouth > Morse Pond,-70.602027,41.557309000000004,-0.4030051108492994,-1.2259222880691443,1.31543067170049,-1.7184357825497893,0.41630391822839774,0.04636549646321453,-0.028233635816530957,0.06698453003448589,0.7543401223842214,0.1345361744727436,0.13126082644620796,0.13254156288599234,0.15118470513058235,0.3446321901520097,-0.21509567310321173,0.505385092615089,4.989526696716293,0.7315187456527827,0.8303875249400982,0.6150519859907079,5.049127239865513e-06,31.790971981019595,36.07437747515455,36.07437747515455,24.68326610494337
Cape Cod > Fiddlers > Cedar Lake,-70.626459,41.648848,-0.1787983557471662,0.1144011432340031,-0.37691731560233327,0.19811895985516706,0.41121170589667233,0.029908180945649093,-0.03219239200869137,0.06231499613263056,0.7581917650924552,0.13505843863378755,0.13310997505454217,0.1377989216067439,0.14991199569679373,0.2214462217110732,-0.24184808084818923,0.45221686357218094,5.05757902540331,0.8254612157100414,0.8096833902903344,0.6526660343265343,3.920984168552834e-06,31.678005906219013,34.24635409036401,34.24635409036401,24.928013894261646
Cape Cod > Fiddlers > Flax Pond,-70.627569,41.646453,-0.2167995006797312,-0.2452068145788271,0.06940278765148823,-0.2862022883312194,0.4113603435813886,0.030059941972817555,-0.032068382929653125,0.062317703033674676,0.7581819757581828,0.13502832031969933,0.13307075584777886,0.13758254357636757,0.15003377468414245,0.22261953567700643,-0.2409874560743948,0.4529477462312227,5.053408656513109,0.8245518046419076,0.81034740811468,0.6521424902495909,3.982360437836168e-06,31.710662144823907,34.28988982945962,34.28988982945962,24.948550447432737
Cape Cod > GBB > Backus Brook,-70.56324599999999,41.578790999999995,-0.8761193652597331,-0.4043323900061386,-0.616017116607984,-0.26010224865174913,0.4160422200572772,0.05538644393129491,-0.02895523315520759,0.07296078353450462,0.7527497280371968,0.13379952476387416,0.1309887317936032,0.13345400607695304,0.14737421578493126,0.41395097650039814,-0.22105132829923016,0.5467110780656037,5.107743739486375,0.68031592582152,0.8257673433328648,0.5865084895022281,3.2516223479897857e-06,32.78378785789835,37.07618039384134,37.07618039384134,25.372346677244778
Cape Cod > GBB > Bournes Brook,-70.55128,41.576468,-0.21869955792635923,0.2921750855387871,-0.6712738089489207,0.45257425102256155,0.4163332785529944,0.05952719731912934,-0.028773960862848662,0.0747125557236972,0.7515510436420145,0.13364825012641157,0.13075989453180142,0.1333136278248808,0.14651021361655986,0.4454019956327552,-0.22005188185472802,0.5604269941692588,5.129683624712617,0.6575560490450231,0.8265422511392599,0.5771758486665779,2.9954120153065876e-06,32.79736639191955,37.33936884838306,37.33936884838306,25.23497249260232
Cape Cod > GBB > Coonamesset River,-70.573375,41.578178,-0.2624008745988092,-0.0453020046107421,-0.3047954845587166,0.0423946099599074,0.41590560242309815,0.05234828084980248,-0.02897753532538599,0.07145549723747974,0.7535345387446111,0.13394348626275945,0.13113479348037843,0.1334112521874853,0.1481980444007173,0.390823639957451,-0.22097518558049103,0.5356032273579293,5.084645629378925,0.6972461392848799,0.8258263734945003,0.5941186479315401,3.5446004987653335e-06,32.677146480150554,36.83809623746127,36.83809623746127,25.365780555375405
Cape Cod > JEHU/Waquoit Bay > Quashnet River,-70.508739,41.590546,-0.9350211399052087,-0.826644017820456,-0.09280548083748849,-0.8422156590677202,0.4160346383630984,0.07402386456132912,-0.029239149732073467,0.08160206115484671,0.7142425815537096,0.13322889437941512,0.13044662229788986,0.13498386109519317,0.13797374779840216,0.5556141924477785,-0.22414646862455745,0.6045319825108528,5.176655653344375,0.5804424303161018,0.823368672122182,0.5476611322721884,2.511703068311885e-06,33.14619696942192,38.055733760927204,38.055733760927204,27.455726900850237
Cape Cod > Lewis Bay > Chase Brook,-70.251581,41.652992,0.08720965878078829,-0.017838174879296384,0.26182894448945737,-0.17461928570866908,0.3668908548954496,0.21935620093965585,-0.014846512125329853,0.08325366153066652,0.42374692015516957,0.15310316460126477,0.12466545962610003,0.12585444999420276,0.1553631557922602,1.4327345976873673,-0.11909082250896046,0.6615074916659796,2.727460819100326,0.1568773989408438,0.9055823380439225,0.5106991529566258,0.008258455314262557,25.224268076456333,44.21791571198237,44.21791571198237,23.277601530565747
Cape Cod > Lewis Bay > Halls Creek,-70.30766,41.638791999999995,0.6819275769754302,0.43356517973015873,0.4508581435476652,0.23106943342776498,0.3850920539192554,0.23706969118313145,-0.020092854222666143,0.08341910831066754,0.4913213911582095,0.1534234041363603,0.1261035871692898,0.12942355623177937,0.15419171022036168,1.5451990034872884,-0.1593361035455095,0.6445434721425493,3.1864319453752863,0.1273069718964378,0.8739138005857294,0.5215631318908034,0.0022418384433112878,25.28110061396056,41.91557210342069,41.91557210342069,23.815568343063923
Cape Cod > Lewis Bay > Hosptial Bog,-70.272014,41.647996,0.3380172153357172,-0.2558297028653686,0.7413591717364771,-0.4033419564007599,0.37315976922755767,0.24029117982498366,-0.016527315452702564,0.0830563315756922,0.447859731927873,0.1565711782020371,0.12494950532751611,0.12671302274038712,0.1553516532394819,1.5347088946020164,-0.13227195585433785,0.6554679998902728,2.8828771537917017,0.1298624697687573,0.8951907401922161,0.51455299151914,0.005384320697700297,24.500396195869495,43.56350347604425,43.56350347604425,23.78419420763877
Cape Cod > Lewis Bay > Mill Pond,-70.260958,41.657379,0.03970822761508227,-0.20945053760692678,0.40327083601942054,-0.3635626084043383,0.36820844443823486,0.22216304031035417,-0.015593599827580336,0.08248554412343814,0.43199365152350705,0.15341756746822036,0.12460262731073815,0.12596489390809834,0.15606225644521596,1.4480938785343085,-0.12514663746770363,0.6548296240666711,2.768085386969616,0.1525494676695411,0.9008059527766039,0.5149612459372166,0.007395253966438662,25.41478075916713,44.339031545490656,44.339031545490656,23.12461250597696
Cape Cod > Lewis Bay > Snow's Creek,-70.279514,41.642705,1.7288591198675944,-0.3042459429614266,2.245283831401501,-0.5164247115339067,0.3764169929456208,0.24922089465919398,-0.01723445257800485,0.08347336402289511,0.4570789034902145,0.15774789665493916,0.12523310291177092,0.12731402254858315,0.15529653080700973,1.5798682577958212,-0.13761898553409513,0.6556494119965584,2.9432653847125287,0.11914521474826031,0.8909804471546858,0.5144370062005499,0.004542147408670245,24.09033591669234,43.03070937220302,43.03070937220302,23.723366812215367
Cape Cod > Lewis Bay > Stewart's Creek,-70.293032,41.635463,2.0575690235342816,1.0071008493940572,1.330786057707923,0.7267829658263587,0.38194571526776755,0.2490161642702995,-0.018639825025231226,0.08421397544903562,0.47294216176142323,0.1563206401745926,0.12581373175707547,0.12855625054362266,0.15552806461441954,1.592983268186315,-0.148154138383094,0.6550749192895877,3.0408798754998148,0.11616934947434095,0.88269430185773,0.5148043542360274,0.00343484673580106,24.29463852365418,42.11553064804701,42.11553064804701,23.201980089748638
Cape Cod > Little Pond > Stream,-70.592263,41.560109000000004,3.798021461445756,2.7346863230690985,1.7369683438257295,2.061053117620027,0.41637745664215975,0.04870394954878092,-0.028290632787224327,0.06837359745699965,0.7540290138439295,0.13434889853346227,0.13114116080010244,0.13255127004127995,0.1503953223184855,0.36251841347735525,-0.21572656986274158,0.5158275543923971,5.013646716000619,0.7181780048841961,0.8298978106157555,0.6077804886481193,4.616935544335864e-06,31.994418133029523,36.34113465771729,36.34113465771729,24.798947497436657
Cape Cod > Magansett > Cuffs Pond,-70.615392,41.659698999999996,-0.6082112934851501,-0.5092152298321033,-0.13623572342347212,-0.471975570061678,0.41063034583021596,0.030495033624698464,-0.032843742586962814,0.06295221799329044,0.7578647055680037,0.13513421014421242,0.13325860575022475,0.13905977557204469,0.14888978513301837,0.22566479348312168,-0.24646620307977687,0.4526989759211562,5.090105442028317,0.8221926170051113,0.8061226704084987,0.6523206691020711,3.473092873386627e-06,31.635372783334475,34.17326804668858,34.17326804668858,24.935967489647386
Cape Cod > Namskaket > Cedar Pond,-69.991681,41.79719,-0.24530035937915493,-1.562243063725979,0.5297270641879075,-0.7750274235670624,0.31125942493734204,0.03389197290745088,-0.006672217202697112,0.08742789767439715,0.20083598848505982,0.14210258304339185,0.12904139191499703,0.12834647294514617,0.14266728939174037,0.2385035668007651,-0.05170602318899565,0.6811866011445663,1.407722746687911,0.8122646431894819,0.9589265360563191,0.4982497321977434,0.16412842734258437,28.36020808348231,41.6082329162837,41.6082329162837,25.911090452072404
Cape Cod > Namskaket > Hurley Bog,-70.01135500000001,41.781234000000005,-0.2890016760516045,0.13568012264951895,-0.1843024345792674,-0.10469924147233708,0.31396304544463194,0.03821894196571545,-0.006802985336275517,0.08717049539540478,0.204684286030191,0.14124829088690927,0.12860961956939151,0.12797501045266377,0.14118179614047602,0.2705798542816743,-0.052896395767697266,0.6811524772459228,1.4497923360213518,0.7875986868768257,0.9579818310266347,0.49827117574418167,0.15207664552887779,29.10471628777006,42.36416794435944,42.36416794435944,26.60569920152122
Cape Cod > Namskaket > Stream (Little),-70.010195,41.790525,0.04540839935496681,0.10599367029788605,0.20367522446138364,-0.15826682510641682,0.31333469594426433,0.03726665286588415,-0.006991691124714525,0.08703459205149303,0.20439091936413314,0.1413169187846648,0.1286438738388997,0.12799190342662156,0.14160663764165834,0.2637097750671323,-0.054349196087411025,0.6800007634966568,1.4433710366130796,0.7928642352297314,0.9568289397619858,0.49899521033643546,0.15387024954019837,28.88835329881356,42.23277062945652,42.23277062945652,26.394087897348168
Cape Cod > Nauset > Mary Chase Marsh Creek,-69.967575,41.816839,-1.2979320740112041,-1.4136641193570518,0.1056228060624759,-1.4035548800736801,0.3082423894242343,0.029434606250179327,-0.006539942830749712,0.08773491099020221,0.19702912141991505,0.14313568623692538,0.12954922889128273,0.12878285189700722,0.14441826812472103,0.20564128362411097,-0.050482298402856646,0.6812623707104057,1.3642950021375326,0.8377341813307465,0.959897771668941,0.49820212020317844,0.17732869752820618,27.34756517817136,40.622942627382336,40.622942627382336,24.941894019403115
Cape Cod > Oyster Pond > Mosquito/Quivett Creek,-70.642002,41.546347,0.36651807403514075,0.7079867144802527,-0.5296896142299223,0.8962076882650631,0.4158996665651621,0.0379059596580959,-0.028036720229420213,0.061709707277004,0.7549602240828978,0.13534947768910194,0.13177401335859917,0.13279432191788978,0.1541738857259308,0.28005988870652293,-0.21276365130599265,0.4647013997719024,4.896809991706135,0.780349088708741,0.8321982696891619,0.643747395145098,7.111372018628308e-06,30.843309623502133,34.89624695848833,34.89624695848833,24.045036589926706
Cape Cod > Parkers River > Forest Brook,-70.208777,41.662197,0.5109224247788877,-0.2549239013342729,0.6986316825577177,-0.18770925777882996,0.3552602275473262,0.1627227368316215,-0.011957775873610795,0.08414408624465057,0.366009671336724,0.1440520180188484,0.12470344320080974,0.1251361245413172,0.1481355236949442,1.129610949360877,-0.095889700931154,0.6724204265800803,2.4707758288312296,0.2629228979827194,0.9239125465488398,0.5037749033811141,0.016199653564353537,27.58701632620026,44.94944813349034,44.94944813349034,24.58228586563365
Cape Cod > Parkers River > Plashes Brook,-70.223601,41.655167999999996,-0.043894291236560704,0.16463571842377256,-0.040528884787725525,-0.0033654064488351787,0.3598541648481449,0.18202398704165498,-0.01282882202588974,0.08408948495399966,0.38919955329504485,0.14677226421904008,0.12467507088109119,0.12533507897364815,0.15108247702721955,1.2401797302111925,-0.10289805279617788,0.6709173971293351,2.576073419983214,0.2195081566995416,0.9183707237021851,0.5047255524955747,0.012349833021117073,26.735321560270666,44.570734095851364,44.570734095851364,24.11802370356935
Cape Cod > Phinneys > Back River,-70.602171,41.726801,-0.4562067137548902,-0.8708930923028725,0.6556256134050431,-1.1118323271599333,0.40479556077344014,0.018006373426268756,-0.03695787224799968,0.05319744260460924,0.7088040272196773,0.1368563214818053,0.13495255705335227,0.14631280744072758,0.13947815860322524,0.1315713679229838,-0.27385825844995826,0.36358705389587936,5.081828110708132,0.895742615351905,0.7850894484235721,0.7173836715372355,3.5820649499789755e-06,28.562162874079167,30.957590623384146,30.957590623384146,25.559280392732568
Cape Cod > Pleasant Bay > Kescayo Gansett,-69.977752,41.768813,-0.3669040231633629,-0.09295207276493977,-0.15028640934902937,-0.21661761381433353,0.31140985394059106,0.03368415884250858,-0.0056379187446056155,0.08828950470795024,0.19833268481723831,0.14260115916303398,0.12932817316628134,0.12865541967142505,0.14213406969791953,0.23621237751649646,-0.04359389455967003,0.6862478466389842,1.3953915851333805,0.8140341619498992,0.9653659969608313,0.49507480559726447,0.16779715286534697,28.511674182937483,41.3979525725175,41.3979525725175,26.078213389038062
Cape Cod > Pleasant Bay > Paw Wah Pond,-69.970213,41.756401000000004,1.194943033565057,1.7376927191273452,-0.26486849947098307,1.4598115330360402,0.3113341511997916,0.03329240192110289,-0.005133817763326014,0.08870191567640258,0.1971071051362934,0.14290760168742064,0.12949745928708342,0.12882967203843876,0.1419946473530597,0.23296452762479905,-0.03964415820657016,0.6885208529440073,1.3881305303445732,0.8165441874582098,0.9685021877051978,0.4936525548035159,0.16998674955470636,28.40385697925357,41.16583966108826,41.16583966108826,25.968207080011965
Cape Cod > Pleasant Bay > Ryder Cove,-69.984372,41.706196000000006,-0.2624008745988092,0.07396087673872148,-0.1647813341076541,-0.09761954049115507,0.31562453334815355,0.04102674642567726,-0.004084607501240182,0.08937523967345765,0.20121215248237798,0.1418447582072735,0.12927083050458651,0.1286712368142399,0.13991784758396023,0.2892369583775955,-0.0315972867606452,0.6946015433308292,1.4380735264072513,0.7733497458042241,0.9748930980160382,0.4898588187160239,0.15536231423621777,28.843768533438848,41.189745584534386,41.189745584534386,25.818288983596847
Cape Cod > Pleasant Bay > Stillwater Pond,-69.984928,41.70088,-0.48850768694757063,-0.2057202249327938,-0.14088289350025146,-0.34762479344731917,0.316021265688082,0.04154015784640525,-0.003939309573317897,0.0894798205544472,0.2016239176538681,0.14189663004924555,0.12927340643692747,0.1286771325893797,0.13977154455987584,0.29274943197726855,-0.0304726987699507,0.6953824564927581,1.4425247877796452,0.7706757365959587,0.9757863987547906,0.4893727743839775,0.15410784758044088,28.74447964724585,41.1069930082805,41.1069930082805,25.692210420627774
Cape Cod > Pleasant Bay > Tar Kiln,-69.991744,41.733579999999996,-0.5740102630458417,-0.34547235992357506,0.013202459104525915,-0.5872127221503676,0.31474218851824154,0.03879074758567272,-0.00506227194218252,0.08861855621217603,0.20158668975277155,0.1420315252558208,0.12904893157011157,0.12844124285673444,0.1403656315172247,0.27311364512776,-0.039227538582388144,0.6899540540184798,1.4361541894109189,0.78565916399265,0.9688330241933625,0.4927569340297475,0.15590567023400517,29.050714173457642,41.79031027512927,41.79031027512927,26.451153380215217
Cape Cod > Popponesset > Mashpee River,-70.480654,41.624684,-0.7526156442288972,-0.5645172147543291,-0.23075558759403722,-0.5218600566348599,0.41391756715051675,0.0810597232631915,-0.03142471603831848,0.08432400747994538,0.6805274663084443,0.1331238095012542,0.13112572621695145,0.13993929831692664,0.13404281714720803,0.6089047749375578,-0.23965332314976348,0.6025756059528976,5.076940941647607,0.5447770379811929,0.8113770388251617,0.5489539675953911,3.6479731442850207e-06,33.676803925175335,37.904876316807616,37.904876316807616,29.724086399005408
Cape Cod > Popponesset > Santuit River,-70.451724,41.627395,0.37031818852839765,0.34282230594383994,0.09837755702813918,0.2719406315002585,0.4132952387037432,0.0956172871370014,-0.031533830243839774,0.08691288194260607,0.6663859139366233,0.13302618166616553,0.13099156887546506,0.14102461781922504,0.1339844926185901,0.718785474704196,-0.2407317548339259,0.6162958161958426,4.973604787485409,0.47493071088746297,0.8105447221903151,0.5399198711469243,5.35589666831418e-06,33.40452570653645,37.990445760428614,37.990445760428614,28.926332069416226
Cape Cod > Sandwich > Shawme Lake,-70.50018100000001,41.758167,-1.2409303566123566,-0.6823663144985752,-0.7769805746428327,-0.46394978196952397,0.3970671984969789,0.04139669018092428,-0.036042161230029277,0.04898287342712065,0.6652282046402778,0.13596359382802095,0.1312032411248924,0.14111955891622982,0.13741274446820914,0.3044689318324916,-0.2747048085170452,0.3471019453525747,4.841095396316608,0.7617741455806221,0.7844418826113999,0.7296715741095117,8.726119619698364e-06,27.51733801664634,33.511055137310564,33.511055137310564,24.31735865472
Cape Cod > Sandwich > Springhill Creek,-70.47208499999999,41.748438,-1.0034232007838255,-0.6956688505260841,-0.3324064274934983,-0.6710167732903272,0.39478462808818304,0.05735206082135551,-0.033657706178910375,0.054463374871852044,0.6511547333810539,0.13591372379433392,0.12948787846371074,0.13800787195111308,0.13801666295769335,0.42197402308056287,-0.2599293970851721,0.39463962527546803,4.717942887668964,0.6744805038368282,0.7957658405329842,0.6944417339487905,1.3672117215232726e-05,28.158956581274083,35.83947904239442,35.83947904239442,24.63098923648164
Cape Cod > Scorton > Long Creek,-70.44036700000001,41.749340000000004,-0.5873106637722394,-0.5521887368886009,0.02638412171983824,-0.6136947854920777,0.38821029163553544,0.07613561302817796,-0.030371630607999016,0.059089987259280524,0.6147658941412648,0.137667359361665,0.12716511783832193,0.13355668697203574,0.13854143864245438,0.5530404111853603,-0.23883617712377372,0.44243376051738137,4.4374152612045785,0.5821929589080248,0.8120078447517262,0.6596906260281775,3.7343136299723676e-05,27.10239787651274,38.29513314217455,38.29513314217455,25.626635543996173
Cape Cod > Scorton > Scorton Creek,-70.40708959999999,41.730245399999994,-0.6880136978435366,-0.5446118998665931,-0.06486209106332042,-0.6231516067802162,0.38581945259893535,0.10750759445923658,-0.027723503936594014,0.06485285975675431,0.5894718690088373,0.13924375055134713,0.1261641816247577,0.1314744531900292,0.14106361668646258,0.7720820075123758,-0.21974147955122725,0.4932734701167986,4.178766168451762,0.4429525542787821,0.8267829527760696,0.6235345077613261,9.202329722438806e-05,27.797735469359807,40.59076829845343,40.59076829845343,26.245315417463967
Cape Cod > Swan Pond > Un-Named Creek,-70.130337,41.685337,-0.6728132398705107,-1.1790008023810357,0.3572887644043425,-1.0301020042748532,0.33708161754552146,0.0931450044058136,-0.0083813312793448,0.08586168916310619,0.2638753769203771,0.13860641161181578,0.12592358156628197,0.12572677804754068,0.1378878567482239,0.6720107917278573,-0.06655886987246425,0.6829228466400338,1.913695543199282,0.5040338968192883,0.9471436661413724,0.4971593347414308,0.06020479247307293,29.92979453089851,44.91716797106207,44.91716797106207,25.73481487210185
Cape Cod > Three Bays > Little River,-70.428474,41.626419,-0.2529005883656679,-0.1987283091224533,0.0037725139187474374,-0.25667310228441537,0.4126935027627021,0.11095416782688705,-0.03127220584214597,0.08848258913170384,0.6517949759286723,0.1333918545300115,0.1308303386382586,0.14113968624456077,0.13528799477190762,0.8317911780881924,-0.23902870058765607,0.626915019340379,4.817833075488948,0.4086686059837925,0.8118592126279166,0.5329803147216366,9.501873702343534e-06,32.78394568850809,37.97713981780755,37.97713981780755,27.73336058046968
Cape Cod > Three Bays > Marstons Mill River,-70.416578,41.656117,0.28101549793686975,0.2701305866554108,0.19127973012868182,0.08973576780818793,0.40817137513598134,0.11569290521135167,-0.032767280072008104,0.07840622946989717,0.6337694480973086,0.1347717565369116,0.13117622954116712,0.14160423932833557,0.13801560865887755,0.8584358339179577,-0.249795867640217,0.5536997327325621,4.5920128473566155,0.3939061740546409,0.8035579388673149,0.5817442882310644,2.1534098238638782e-05,32.20651484016703,37.62258621181307,37.62258621181307,27.29579796630008
Cape Cod > Waquoit Bay > Childs River,-70.52713,41.585572,-1.38913482184936,-0.891123458854252,-0.6223608721922684,-0.7667739496570916,0.41616773684165886,0.06720480622868445,-0.02908676987401554,0.07863416938151527,0.7303717187240688,0.1333684319840656,0.13058590460124306,0.13422212856454668,0.1409488682270929,0.5039033992445368,-0.2227405014563774,0.5858510084922437,5.181820385725369,0.616086914936296,0.8244580602898225,0.5600686541181328,2.46344902458366e-06,33.08332736266777,37.789180760200104,37.789180760200104,26.610672548705903
Cape Cod > Wellfleet > Fresh Brook,-69.988127,41.890671000000005,-0.8134174761210009,-0.28595696833916573,-0.19628747075722994,-0.6171300053637709,0.3068164245309105,0.026168986084551534,-0.008529456410167538,0.08611022320080577,0.19839216435745483,0.14402567124693194,0.12927103923250016,0.12838169200067953,0.1478267955155942,0.18169667850174306,-0.06598118542875564,0.670736004946484,1.3420582084966222,0.8564041159035625,0.9476017433212499,0.5048403464437048,0.18439396216309703,24.61744612119853,39.44555249013709,39.44555249013709,22.18460323880357
Cape Cod > Wellfleet > Hatches Creek,-69.993934,41.876602,1.7687603220467876,1.3767833461519,0.2920401961688682,1.4767201258779195,0.3078284613827448,0.027618019131435537,-0.008401504586806403,0.08614006268280604,0.20156907149421904,0.14360418948821196,0.12912919331820039,0.1282792661895149,0.1463697218756327,0.1923204276272359,-0.06506278224865387,0.6715041739913447,1.3771227335219511,0.8481098102735333,0.9483300312301666,0.504354307589351,0.17334792082009143,25.28339428976248,39.98934963595264,39.98934963595264,23.058929570623334
Cape Cod > Wellfleet > Herring River,-70.05724599999999,41.943477,0.02450776964205627,0.44937827345353254,-0.18014288644958126,0.20465065609163755,0.30985498324847816,0.029286592757204702,-0.011114618030292008,0.08333254897393075,0.193206912211648,0.14294928504590507,0.12819266402635535,0.1272750992809435,0.15427061268634645,0.2048740065247612,-0.08670244989999533,0.6547435393468821,1.2523896084114507,0.838331049328901,0.9311830128299644,0.5150163120601399,0.21505720460106792,21.846910671835296,38.74481709878576,38.74481709878576,17.688348216777733
Cape Cod > WestFalmouth > Mashapaquit Creek,-70.66326084,41.616084,-0.6367121521845739,-0.7607517387227855,0.20950201249321712,-0.846214164677791,0.4124684353327791,0.027228771692425824,-0.030569953272013894,0.05895428506600053,0.7580809225748373,0.1351581609684101,0.13291600060594724,0.13527572602245336,0.15292932710789459,0.20145858376091608,-0.22999453137808346,0.4358083064822374,4.957067012006118,0.8409890716853305,0.8188411688397754,0.6644654807725039,5.693860587596905e-06,31.266319074013268,33.92639183965789,33.92639183965789,24.489623005239615
Cape Cod > Wild Harbor > Wild Harbor River,-70.6303,41.633655,-0.4334060267953516,-0.3677483505674606,-0.06695371773477303,-0.3664523090605786,0.41217708903126726,0.03146920285059858,-0.03145829547632544,0.06262268437206202,0.7579566776816992,0.13484479799982532,0.13285315744967321,0.1365938904358781,0.15047592003289786,0.2333735028520666,-0.23678997232897772,0.4584588971895436,5.037062923529496,0.8162280137847477,0.8135879850797556,0.6482004216472774,4.232141149487244e-06,31.91485113857825,34.562871977557144,34.562871977557144,25.080324946830572
Islands > Menemsha > Black Brook,-70.797453,41.326807,-0.6671130681306259,-0.6876729561001631,0.020912447897568825,-0.6880255160281947,0.41837103819801913,0.025018105136452598,-0.02427065767732461,0.04536870542408246,0.7475163998094042,0.14315458306273923,0.13308507491009186,0.1369504706185949,0.1725536081527713,0.1747628654367853,-0.1823694933013421,0.3312782002073849,4.332082115301735,0.8618264019809314,0.8558783352775086,0.7415337894856799,5.4078491581480606e-05,20.474650216377693,26.492337986590385,26.492337986590385,14.95452246570185
Islands > Menemsha > Pease Point Brook,-70.760293,41.345669,-0.5778103775390981,-0.1596773531091797,-0.6589641670150302,0.0811537894759321,0.4187983960677827,0.02881607102373781,-0.024295217779828075,0.047812670882309144,0.7478431631555649,0.14225707386246345,0.13266096525199222,0.13597303636322658,0.17064263853117534,0.20256336111340006,-0.1831376526899138,0.35163347205534573,4.382510547145218,0.8401290838615673,0.855278126369102,0.726286549839628,4.531601035762618e-05,21.473206404464953,27.654309438434815,27.654309438434815,15.73572330945742
Islands > Menemsha > Un-named Brook,-70.762214,41.352459,-0.4068052253425559,0.007744651849072248,-0.6517268083047449,0.24492158296218902,0.41861891498777426,0.028327842137129938,-0.024404150353434496,0.04777065642476177,0.7481027473379234,0.14205176788114193,0.13267206476250507,0.13590737712113118,0.1702812697191715,0.19941914528534774,-0.1839433975578817,0.3514942119895733,4.393335500561495,0.8425771341286968,0.8546486418016045,0.7263904952359364,4.3623382179025296e-05,21.738746188244033,27.832478639860803,27.832478639860803,15.976109872303821
Islands > Tashmoo > Fish Ladder,-70.62234000000001,41.448448,-0.37640430939650416,-0.0650532154293409,-0.46205331228631746,0.08564900288981331,0.4195368422128414,0.04836759793342126,-0.0250997106588322,0.06125759608551852,0.7500157175923783,0.13711612064299403,0.1308186174355135,0.1315460150508271,0.1587195176043417,0.35274917133452766,-0.19186650303199387,0.46567428182335774,4.725415808420161,0.7254539648538454,0.8484638589213189,0.6430545722472755,1.3306367567520542e-05,26.939266392912756,33.311612463774765,33.311612463774765,19.976395104931832
