dataset,Lat,Long,NO3,TN
CCRO,41.654467,-70.36098,2.818,NA
CCRO,41.648442,-70.363384,1.856,NA
CCRO,41.645528,-70.374416,1.091,NA
CCRO,41.651496,-70.335342,0.029,NA
CCRO,41.638939,-70.322383,1.354,NA
CCRO,41.657302,-70.261053,0.12,NA
CCRO,41.655419,-70.224071,0.032,NA
CCRO,41.66228,-70.209252,0.361,NA
CCRO,41.686495,-70.130171,0.124,NA
CCRO,41.687884,-70.123508,0.237,NA
CCRO,41.669761,-70.061512,0.824,NA
CCRO,41.943657,-70.057425,0.022,NA
CCRO,41.890489,-69.988073,0.148,NA
CCRO,41.73318,-70.201574,0.27,NA
CCRO,41.703505,-70.288244,2.005,NA
CCRO,41.6525,-70.41389,0.5764358611111108,NA
CCRO,41.63829,-70.45244,0.244291415625,NA
CCRO,41.6279,-70.45112,0.9444230551181103,NA
CCRO,41.64191,-70.48231,0.39016625,NA
CCRO,41.62925,-70.4839,0.2645788983957218,NA
CCRO,41.59225,-70.50768,0.2885125600961539,NA
CCRO,41.58522,-70.57259,0.18800347849462365,NA
CCRO,41.6002,-70.5719,0.18800347849462365,NA
CCRO,41.62405,-70.62856,0.2580845573248407,NA
CCRO,41.69676,-70.60632,0.4459957857142856,NA
CCRO,41.76791,-70.63578,0.24145315021951216,NA
CCRO,41.7784948,-70.7632908,0.07494192261904764,NA
CCRO,41.73389,-70.79432,0.0527023,NA
CCRO,41.621571,-70.628801,0.7467219827586209,NA
CCRO,41.58921,-70.525225,1.1448608400145452,NA
MEP,41.681858999999996,-70.918844000000007,0.602,1.109
MEP,41.681858999999996,-70.918844000000007,0.594,1.185
MEP,41.681858999999996,-70.918844000000007,0.617,1.109
MEP,41.681858999999996,-70.918844000000007,0.577,1.055
MEP,41.553740999999995,-71.126612,0.22,0.98
MEP,41.762449000000004,-70.676352,0.017,0.439
MEP,41.550478999999996,-71.104556,0.93,1.588
MEP,41.544199,-71.008317,0.195,0.614
MEP,41.569120000000005,-71.006334,0.904,1.502
MEP,41.541599999999995,-71.006734,0.357,0.922
MEP,41.59651200000001,-71.07101,0.254,0.903
MEP,41.640446,-70.872888,1.174,1.584
MEP,41.640767,-70.870647,0.401,1.109
MEP,41.63695800000001,-70.856715,0.851,1.385
MEP,41.585570000000004,-70.990224,0.259,0.927
MEP,41.632585000000006,-70.849411,0.256,1.02
MEP,41.584939999999996,-71.074817,0.58,1.158
MEP,41.766467,-70.721733,0.02,0.425
MEP,41.62184,-71.059327,0.267,0.938
MEP,41.62184,-71.059327,0.423,1.361
MEP,41.71488299999999,-70.384253,0.078,0.857
MEP,41.726801,-70.602171,0.385,0.749
MEP,41.578791,-70.563246,0.062,0.528
MEP,41.711745,-70.379438,0.261,0.685
MEP,41.576468,-70.55128,0.543,0.874
MEP,41.70261000000001,-70.384159,0.171,0.648
MEP,41.648377,-70.362306,2.207,2.978
MEP,41.648848,-70.626459,0.314,0.895
MEP,41.79719000000001,-69.991681,0.116,0.86
MEP,41.652992000000005,-70.251581,0.45,1.035
MEP,41.73311900000001,-70.20151,0.371,1.058
MEP,41.585572000000006,-70.52713,0.2069,0.258
MEP,41.669714000000006,-70.061295,0.672,0.961
MEP,41.57817800000001,-70.573375,0.565,0.851
MEP,41.659698999999996,-70.615392,0.336,0.669
MEP,41.671203,-70.057882,0.63,0.987
MEP,41.943130000000004,-70.624295,0.144,0.642
MEP,41.646453,-70.627569,0.462,0.875
MEP,41.662197000000006,-70.208777,0.459,1.258
MEP,41.890671,-69.988127,0.223,0.561
MEP,41.670598000000005,-70.154567,0.124,0.955
MEP,41.63879200000001,-70.30766,0.848,1.348
MEP,41.70069,-70.213453,0.532,1.181
MEP,41.876602,-69.993934,1.92,1.92
MEP,41.943476999999994,-70.057246,0.076,1.002
MEP,41.647996,-70.272014,0.643,1.167
MEP,41.781234,-70.011355,0.352,0.837
MEP,41.98991,-70.724075,0.517,1.041
MEP,41.76881300000001,-69.977752,0.19,0.796
MEP,41.637222,-70.335589,0.937,1.479
MEP,41.626419000000006,-70.428474,0.481,0.856
MEP,41.749340000000004,-70.440367,0.115,0.68
MEP,41.657804999999996,-70.334281,0.199,0.53
MEP,41.703134000000006,-70.288283,1.659,2.114
MEP,41.656117,-70.416578,0.799,1.137
MEP,41.816838999999995,-69.967575,0.15,0.306
MEP,41.624683999999995,-70.480654,0.318,0.593
MEP,41.657379,-70.260958,0.606,1.01
MEP,41.557309,-70.602027,0.047,0.777
MEP,41.546347,-70.642002,0.192,1.182
MEP,41.756401,-69.970213,0.191,1.618
MEP,41.655168,-70.223601,0.412,0.966
MEP,41.590546,-70.508739,0.204,0.497
MEP,41.706483,-69.984561,0.263,0.851
MEP,41.706196000000006,-69.984372,0.263,0.851
MEP,41.62739500000001,-70.451724,0.702,1.184
MEP,41.727203,-70.398924,0.16,0.627
MEP,41.758167,-70.500181,0.025,0.336
MEP,41.64551500000001,-70.371382,1.113,1.495
MEP,41.64270500000001,-70.279514,1.14,1.899
MEP,41.74843800000001,-70.472085,0.108,0.461
MEP,41.635463,-70.293032,1.166,2.072
MEP,41.70201300000001,-69.970673,0.127,0.732
MEP,41.70088,-69.984928,0.127,0.732
MEP,41.560109000000004,-70.592263,1.894,2.988
MEP,41.79052500000001,-70.010195,0.54,1.013
MEP,41.68197,-70.122065,0.12,0.651
MEP,41.680925,-70.098908,0.148,0.606
MEP,41.73358,-69.991744,0.352,0.687
MEP,41.954880999999986,-70.66321,0.729,1.354
MEP,41.668484,-70.086065,0.505,0.938
MEP,41.685337000000004,-70.130337,0.218,0.635
MEP,41.705451000000004,-70.193727,0.106,1.041
MEP,41.705088,-70.223879,0.542,0.9595
MEP,41.63431200000001,-70.63265,0.32,0.761
MEP,41.326806999999995,-70.797453,0.013,0.638
MEP,41.448448,-70.62234,0.122,0.791
MEP,41.429469,-70.599982,0.157,0.765
MEP,41.346272,-70.719522,0.082,0.677
MEP,41.346272,-70.719522,0.085,0.448
MEP,41.339199,-70.735089,0.093,0.572
MEP,41.382723999999996,-70.67199,0.048,0.491
MEP,41.345668999999994,-70.760293,0.078,0.685
MEP,41.377733,-70.677676,0.047,0.45
MEP,41.352458999999996,-70.762214,0.277,0.775
PSW,41.57150281,-70.61268627,0.11,NA
PSW,41.57593509,-70.47616256,0.57,NA
PSW,41.57593155,-70.47470981,0.47,NA
PSW,41.59176667,-70.59411655,0.48,NA
PSW,41.59634963,-70.53405221,0.53,NA
PSW,41.60144853,-70.51500426,0.65,NA
PSW,41.60238895,-70.51216684,0.66,NA
PSW,41.61828898,-70.57363578,0.61,NA
PSW,41.61957064,-70.5034785,1.09,NA
PSW,41.62263797,-70.43692099,0.84,NA
PSW,41.62648509,-70.46621644,1.64,NA
PSW,41.63198445,-70.49295317,0.49,NA
PSW,41.63292634,-70.46830985,1.06,NA
PSW,41.63269799,-70.4405442,1.4,NA
PSW,41.63451244,-70.43964925,1.6,NA
PSW,41.63633174,-70.45930893,3.1,NA
PSW,41.63579694,-70.39055116,1.8,NA
PSW,41.63649437,-70.43722451,0.94,NA
PSW,41.63893214,-70.39373052,1.9,NA
PSW,41.63912597,-70.30843348,4.266666666666667,NA
PSW,41.64069843,-70.30709805,3.5,NA
PSW,41.6416124,-70.38759532,2.8,NA
PSW,41.64454962,-70.3224976,1.8,NA
PSW,41.64465744,-70.30950313,0.11,NA
PSW,41.64516266,-70.32148206,2.6,NA
PSW,41.64684369,-70.32153888,2.6,NA
PSW,41.65198374,-70.42273536,0.4,NA
PSW,41.65222321,-70.43231516,0.11,NA
PSW,41.65354844,-70.4342256,0.11,NA
PSW,41.65361198,-70.42198046,0.25,NA
PSW,41.65354968,-70.37056519,3.966666666666667,NA
PSW,41.6546508,-70.42697511,1,NA
PSW,41.65423749,-70.37165347,4.2,NA
PSW,41.65493836,-70.43055785,0.77,NA
PSW,41.65708284,-70.42695044,1.7,NA
PSW,41.66159786,-70.60383256,0.2,NA
PSW,41.66342933,-70.6040114,0.18,NA
PSW,41.66241327,-70.46008341,2.1,NA
PSW,41.66066746,-70.2716294,0.53,NA
PSW,41.66611671,-70.53001112,0,NA
PSW,41.66683795,-70.38088666,3,NA
PSW,41.66727646,-70.38198602,3.6,NA
PSW,41.66621087,-70.2430432,0.29,NA
PSW,41.66670623,-70.24754347,0.17,NA
PSW,41.67029913,-70.2380818,1.5,NA
PSW,41.67118467,-70.27784793,0.22,NA
PSW,41.67122267,-70.20335374,3.9,NA
PSW,41.67309797,-70.23829679,0.68,NA
PSW,41.67506391,-70.27999866,0,NA
PSW,41.67501852,-70.25200008,0.4,NA
PSW,41.67812473,-70.52414472,0.12,NA
PSW,41.67599486,-70.27890786,0.31,NA
PSW,41.67605174,-70.21888557,3.433333333333334,NA
PSW,41.67753998,-70.28092954,0.25,NA
PSW,41.67863412,-70.2538764,0.48,NA
PSW,41.67824728,-70.21749786,2.066666666666666,NA
PSW,41.67941608,-70.28091066,0.5,NA
PSW,41.67978409,-70.2895497,0.66,NA
PSW,41.6804979,-70.246946,0.45,NA
PSW,41.68044275,-70.03027345,0.19,NA
PSW,41.68046187,-70.0300981,0.23,NA
PSW,41.68389514,-70.31856547,1.1,NA
PSW,41.68074439,-70.03009798,0.19,NA
PSW,41.68346682,-70.25440007,0.986666666666667,NA
PSW,41.6818284,-70.05124975,0.59,NA
PSW,41.68456964,-70.25294089,0.39,NA
PSW,41.68239532,-70.05117571,0.64,NA
PSW,41.68300426,-70.0511743,0.51,NA
PSW,41.68753587,-70.46166204,0.64,NA
PSW,41.68276382,-70.02875499,0,NA
PSW,41.68447493,-70.05060567,1.2,NA
PSW,41.68611528,-70.1818697,1.4,NA
PSW,41.68919503,-70.41895356,0.58,NA
PSW,41.68518427,-70.03240218,0.26,NA
PSW,41.68988047,-70.44606839,0.13,NA
PSW,41.68548156,-70.03507643,1.5,NA
PSW,41.6860084,-70.05001833,0.72,NA
PSW,41.69035551,-70.41641613,0,NA
PSW,41.68798104,-70.18358134,0.9,NA
PSW,41.6861675,-70.03462975,0.5,NA
PSW,41.68752664,-70.05084244,0.75,NA
PSW,41.68761435,-70.05088025,0.7,NA
PSW,41.68743289,-70.02845383,0.35,NA
PSW,41.6913894,-70.30743307,0.57,NA
PSW,41.69062992,-70.02560809,0,NA
PSW,41.69593226,-70.46264894,2.24,NA
PSW,41.69158697,-69.99421372,2.3,NA
PSW,41.69561706,-70.19257515,1.8,NA
PSW,41.69682673,-70.15984331,1.27,NA
PSW,41.70057685,-70.46854407,0.61,NA
PSW,41.70212185,-70.60073082,0.24,NA
PSW,41.70134465,-70.4713634,3.9,NA
PSW,41.70030619,-70.22396089,1.9,NA
PSW,41.69760658,-69.98808842,0.42,NA
PSW,41.69776584,-69.98846801,0.41,NA
PSW,41.70363635,-70.473373230000007,1.83,NA
PSW,41.70491629,-70.60671073,0.26,NA
PSW,41.70585692,-70.59633771,0.36,NA
PSW,41.70180475,-70.15537133,2.42,NA
PSW,41.7088909,-70.59756738,0.56,NA
PSW,41.70476282,-70.14967059,2.9,NA
PSW,41.70650402,-70.13724608,0.11,NA
PSW,41.70686943,-70.14006038,0.08,NA
PSW,41.70811961,-70.14917495,0.85,NA
PSW,41.70865006,-70.14867932,1,NA
PSW,41.70890259,-70.14871304,0.16,NA
PSW,41.7109672,-70.19612123,3.9,NA
PSW,41.71023311,-70.10970037,0,NA
PSW,41.70993938,-70.00568784,2.4,NA
PSW,41.71168612,-70.1394031,0,NA
PSW,41.71017229,-70.00726757,2.2,NA
PSW,41.71389912,-70.14233488,0.04,NA
PSW,41.71489317,-70.15086788,1.5,NA
PSW,41.71548912,-70.16725161,0.71,NA
PSW,41.71761057,-70.15870022,0.22,NA
PSW,41.72110688,-70.49229123,0.12,NA
PSW,41.71787062,-70.16809806,0.14,NA
PSW,41.71791856,-70.16935787,0.8,NA
PSW,41.71841116,-70.1694201,0.31,NA
PSW,41.71987156,-70.18501261,0.2,NA
PSW,41.71885408,-70.01522489,1.9,NA
PSW,41.72084028,-70.15082984,1,NA
PSW,41.72121508,-70.14964217,2.07,NA
PSW,41.72502871,-70.4313743,0.32,NA
PSW,41.72251434,-70.18305918,0.53,NA
PSW,41.72785138,-70.16634276,2.12,NA
PSW,41.73338587,-70.50723688,0.04,NA
PSW,41.72961173,-70.10785196,0.25,NA
PSW,41.7363766,-70.51205225,0.12,NA
PSW,41.73508785,-70.02759541,0.14,NA
PSW,41.73749573,-70.03044333,0.23,NA
PSW,41.7442788,-70.47136859,1.94,NA
PSW,41.74538044,-70.47071851,1.68,NA
PSW,41.74544531,-70.47067276,2.19,NA
PSW,41.74381616,-70.01889989,0.25,NA
PSW,41.74779607,-69.98153029,0,NA
PSW,41.75925372,-70.59700077,0.8,NA
PSW,41.76489762,-69.98851839,0,NA
PSW,41.76609357,-69.9912347,0.25,NA
PSW,41.77320887,-70.59043117,0.13,NA
PSW,41.7743858,-70.58259639,0.89,NA
PSW,41.77627031,-70.57846491,1.04,NA
PSW,41.78627801,-70.55996707,0.2,NA
PSW,41.78831625,-70.55502206,0.04,NA
PSW,41.79402509,-70.52384478,2.3,NA
PSW,41.8786275,-69.99477132,2.7,NA
PSW,41.87906699,-69.99399958,3.6,NA
PSW,41.91024793,-70.00518047,0.47,NA
PSW,41.91024793,-70.00518047,0.28,NA
PSW,41.92633568,-70.00514768,3.49,NA
PSW,41.93307123,-70.03709428,1.9,NA
PSW,41.95772961,-70.02240744,0.44,NA
PSW,42.02969487,-70.07473201,0.39,NA
PSW,42.04437676,-70.10468331,0.68,NA
PSW,41.613882,-70.517085,0.23,NA
PSW,41.614,-70.52,0.23,NA
PSW,41.933079,-70.037296,1.77,NA
PSW,41.910248,-70.00518,0.67,NA
PSW,41.915,-70.01,0.67,NA
PSW,41.92,-70.0105,0.67,NA
PSW,41.933098,-70.008525,0,NA
PSW,41.933824,-70.00765,0,NA
PSW,41.59483714,-70.48772421,0,NA
PSW,41.60161075,-70.50759152,0,NA
PSW,41.61026745,-70.48772427,0,NA
PSW,41.61030936,-70.48756427,0,NA
PSW,41.61758092,-70.58816866,0,NA
PSW,41.61793847,-70.58875347,0,NA
PSW,41.61775516,-70.55007356,0,NA
PSW,41.62051896,-70.56149188,0,NA
PSW,41.62065464,-70.56022614,0,NA
PSW,41.62067815,-70.56105054,0,NA
PSW,41.62088693,-70.56231482,0,NA
PSW,41.62157072,-70.56173718,0,NA
PSW,41.62390035,-70.56264861,0,NA
PSW,41.63293454,-70.46834572,0,NA
PSW,41.63579694,-70.39055116,0,NA
PSW,41.63579694,-70.39055116,0,NA
PSW,41.64042881,-70.5024612,0,NA
PSW,41.64461945,-70.44143691,0,NA
PSW,41.64518305,-70.30971619,0,NA
PSW,41.65365432,-70.49404154,0,NA
PSW,41.65777938,-70.43722767,0,NA
PSW,41.66055987,-70.49460645,0,NA
PSW,41.66079717,-70.49318701,0,NA
PSW,41.6617774,-70.4920958,0,NA
PSW,41.66241327,-70.46008341,0,NA
PSW,41.6611214,-70.27202594,0,NA
PSW,41.66114416,-70.27330018,0,NA
PSW,41.66362506,-70.44597833,0,NA
PSW,41.66371912,-70.44550098,0,NA
PSW,41.67053821,-70.23619762,0,NA
PSW,41.67108933,-70.2034071,0,NA
PSW,41.67147467,-70.11695628,0,NA
PSW,41.67751133,-70.28879593,0,NA
PSW,41.68120559,-70.45504771,0,NA
PSW,41.68317426,-70.455246,0,NA
PSW,41.68369101,-70.32026215,0,NA
PSW,41.6867898,-70.48387007,0,NA
PSW,41.68684367,-70.48384627,0,NA
PSW,41.68753587,-70.46166204,0,NA
PSW,41.68579197,-70.25227065,0,NA
PSW,41.68861747,-70.4872589,0,NA
PSW,41.6857214,-70.18279939,0,NA
PSW,41.6858876,-70.18330048,0,NA
PSW,41.69010568,-70.48306282,0,NA
PSW,41.69017018,-70.48077377,0,NA
PSW,41.6903,-70.48396293,0,NA
PSW,41.69548637,-70.4490128,0,NA
PSW,41.6969145,-70.44437408,0,NA
PSW,41.69469114,-70.19383716,0,NA
PSW,41.69775,-70.44605165,0,NA
PSW,41.69686886,-70.35295841,0,NA
PSW,41.69789499,-70.45487775,0,NA
PSW,41.69790687,-70.38378175,0,NA
PSW,41.6992377,-70.44390095,0,NA
PSW,41.69666696,-70.02607112,0,NA
PSW,41.69674582,-70.02530812,0,NA
PSW,41.70521672,-70.37596246,0,NA
PSW,41.70663345,-70.37448532,0,NA
PSW,41.7048299,-70.14968006,0,NA
PSW,41.70734535,-70.36984653,0,NA
PSW,41.71326201,-70.57837294,0,NA
PSW,41.71015159,-70.193214,0,NA
PSW,41.70956051,-69.9909211,0,NA
PSW,41.70965934,-69.99001297,0,NA
PSW,41.71316247,-70.14389629,0,NA
PSW,41.71637703,-70.10913855,0,NA
PSW,41.71791847,-70.16934999,0,NA
PSW,41.71957049,-70.10606471,0,NA
PSW,41.72387308,-70.12826544,0,NA
PSW,41.72850056,-70.39978043,0,NA
PSW,41.7263987,-70.07424172,0,NA
PSW,41.73826535,-70.38118734,0,NA
PSW,41.73758679,-70.08726505,0,NA
PSW,41.73798731,-70.08493813,0,NA
PSW,41.74195864,-70.08459466,0,NA
PSW,41.75360885,-70.59474184,0,NA
PSW,41.7531721,-70.5384246,0,NA
PSW,41.75364844,-70.59476759,0,NA
PSW,41.75467485,-70.53738138,0,NA
PSW,41.75805676,-70.50056449,0,NA
PSW,41.75668515,-69.99268139,0,NA
PSW,41.75760222,-69.99470084,0,NA
PSW,41.76117825,-69.99648749,0,NA
PSW,41.77059199,-70.5260162,0,NA
PSW,41.7662507,-69.9901808,0,NA
PSW,41.79407519,-70.52410873,0,NA
PSW,41.80171881,-69.99252482,0,NA
PSW,41.80229136,-69.9915173,0,NA
PSW,41.80233074,-69.99065533,0,NA
PSW,41.80591189,-69.97413602,0,NA
PSW,41.8061404,-69.97460792,0,NA
PSW,41.80649022,-69.97469833,0,NA
PSW,41.80860516,-69.97672255,0,NA
PSW,41.80880328,-69.97218137,0,NA
PSW,41.80881239,-69.97218943,0,NA
PSW,41.81103126,-69.97208401,0,NA
PSW,41.81223894,-69.97245456,0,NA
PSW,41.82232687,-69.96504968,0,NA
PSW,41.82605307,-69.97518964,0,NA
PSW,41.82606478,-69.97501366,0,NA
PSW,41.82930304,-69.97290113,0,NA
PSW,41.82960142,-69.97400053,0,NA
PSW,41.83021901,-69.97351093,0,NA
PSW,41.83060455,-69.97595224,0,NA
PSW,41.83165835,-69.97298245,0,NA
PSW,41.83377211,-69.99575461,0,NA
PSW,41.83741319,-69.97534891,0,NA
PSW,41.83745676,-69.97532378,0,NA
PSW,41.83786061,-69.971102,0,NA
PSW,41.83853186,-70.0038498,0,NA
PSW,41.83822568,-69.97710298,0,NA
PSW,41.84024412,-69.97863754,0,NA
PSW,41.84027841,-69.97867586,0,NA
PSW,41.84095037,-69.97390577,0,NA
PSW,41.84079028,-69.97503072,0,NA
PSW,41.84110275,-69.97503767,0,NA
PSW,41.8408555,-69.974984,0,NA
PSW,41.84362157,-69.98286371,0,NA
PSW,41.84349464,-69.95662671,0,NA
PSW,41.84391641,-69.98315141,0,NA
PSW,41.84368847,-69.94793079,0,NA
PSW,41.84368923,-69.94794819,0,NA
PSW,41.84449683,-69.98342393,0,NA
PSW,41.84473626,-69.98259594,0,NA
PSW,41.8451066,-69.98258845,0,NA
PSW,41.84561158,-69.96548578,0,NA
PSW,41.8461458,-69.98435192,0,NA
PSW,41.84617977,-69.9843673,0,NA
PSW,41.84620648,-69.98442839,0,NA
PSW,41.84715295,-69.98276538,0,NA
PSW,41.848057,-69.988714,0,NA
PSW,41.84840176,-69.98286356,0,NA
PSW,41.85067362,-69.98663039,0,NA
PSW,41.85073185,-69.98665054,0,NA
PSW,41.85123454,-69.98688516,0,NA
PSW,41.8510029,-69.96713216,0,NA
PSW,41.85145971,-69.98790733,0,NA
PSW,41.85168838,-69.98537453,0,NA
PSW,41.85182942,-69.98794561,0,NA
PSW,41.853157,-69.98836504,0,NA
PSW,41.85406744,-69.99059225,0,NA
PSW,41.85474551,-69.98715415,0,NA
PSW,41.85487632,-69.98882865,0,NA
PSW,41.8550876,-69.98608648,0,NA
PSW,41.85508726,-69.98606127,0,NA
PSW,41.85622406,-69.98686237,0,NA
PSW,41.85673536,-69.98633155,0,NA
PSW,41.85812686,-69.98570579,0,NA
PSW,41.85850512,-69.98334519,0,NA
PSW,41.85816937,-69.95256038,0,NA
PSW,41.86191551,-69.98493958,0,NA
PSW,41.86293582,-69.98421515,0,NA
PSW,41.86335661,-69.98424317,0,NA
PSW,41.86394356,-69.98457894,0,NA
PSW,41.86531271,-69.96771154,0,NA
PSW,41.86698908,-69.98340612,0,NA
PSW,41.8677864,-69.98436749,0,NA
PSW,41.86783576,-69.98477931,0,NA
PSW,41.87024662,-69.98438279,0,NA
PSW,41.87382121,-69.98711408,0,NA
PSW,41.87382868,-69.9870834,0,NA
PSW,41.8746393,-69.98646099,0,NA
PSW,41.8762473,-69.98676318,0,NA
PSW,41.87625517,-69.98676262,0,NA
PSW,41.87821084,-69.99007111,0,NA
PSW,41.87850157,-69.98920308,0,NA
PSW,41.87895549,-69.98892762,0,NA
PSW,41.8793754,-69.98430617,0,NA
PSW,41.87992844,-69.98709112,0,NA
PSW,41.88172635,-69.98813442,0,NA
PSW,41.88238909,-69.98446646,0,NA
PSW,41.88239314,-69.9844754,0,NA
PSW,41.88275168,-69.99140162,0,NA
PSW,41.89235291,-69.98722059,0,NA
PSW,41.89251719,-69.9875564,0,NA
PSW,41.89252454,-69.98687944,0,NA
PSW,41.89487448,-69.98685453,0,NA
PSW,41.89531352,-69.98431387,0,NA
PSW,41.89956266,-69.98448173,0,NA
PSW,41.90012373,-69.98443599,0,NA
PSW,41.90014789,-69.97819272,0,NA
PSW,41.90023093,-69.97818846,0,NA
PSW,41.90287762,-69.98520671,0,NA
PSW,41.90290443,-69.98519138,0,NA
PSW,41.90334078,-69.9849501,0,NA
PSW,41.90386574,-69.98489769,0,NA
PSW,41.90449812,-69.98517873,0,NA
PSW,41.90452099,-69.9851635,0,NA
PSW,41.90515211,-69.98547659,0,NA
PSW,41.91041505,-69.98519363,0,NA
PSW,41.914851,-70.02743887,0,NA
PSW,41.914851,-70.02743887,0,NA
PSW,41.91570215,-69.993124,0,NA
PSW,41.91542315,-69.99305517,0,NA
PSW,41.91614553,-69.99579608,0,NA
PSW,41.91621427,-69.99631514,0,NA
PSW,41.91628059,-69.98812473,0,NA
PSW,41.91710648,-69.98925011,0,NA
PSW,41.91736258,-69.99432283,0,NA
PSW,41.91804529,-69.99975589,0,NA
PSW,41.91845708,-70.01420588,0,NA
PSW,41.91908806,-70.00743636,0,NA
PSW,41.91948113,-70.0066363,0,NA
PSW,41.92150514,-69.97918684,0,NA
PSW,41.92235875,-70.00900744,0,NA
PSW,41.92236145,-70.00878356,0,NA
PSW,41.92252747,-70.00843792,0,NA
PSW,41.92214559,-69.97513382,0,NA
PSW,41.92447574,-70.00056302,0,NA
PSW,41.92516174,-70.00980358,0,NA
PSW,41.92516401,-70.00980504,0,NA
PSW,41.92524488,-70.01272719,0,NA
PSW,41.92633568,-70.00514768,0,NA
PSW,41.92888698,-70.01716035,0,NA
PSW,41.92891352,-70.01721061,0,NA
PSW,41.93009048,-70.05351668,0,NA
PSW,41.93069343,-70.03226919,0,NA
PSW,41.9309189,-70.04064194,0,NA
PSW,41.9309189,-70.04064194,0,NA
PSW,41.93145984,-70.03239209,0,NA
PSW,41.93251343,-70.03033733,0,NA
PSW,41.93292532,-70.04483669,0,NA
PSW,41.93261025,-70.01433016,0,NA
PSW,41.93305207,-70.03704836,0,NA
PSW,41.93325802,-70.03038233,0,NA
PSW,41.93468301,-70.03025033,0,NA
PSW,41.93425427,-69.98045428,0,NA
PSW,41.93564226,-70.02028673,0,NA
PSW,41.93565004,-70.02027901,0,NA
PSW,41.93710915,-70.03006997,0,NA
PSW,41.93782681,-70.03108304,0,NA
PSW,41.93804914,-70.02288067,0,NA
PSW,41.93838964,-70.03099845,0,NA
PSW,41.93849197,-70.03182223,0,NA
PSW,41.9386521,-70.03153888,0,NA
PSW,41.93867882,-70.02972242,0,NA
PSW,41.93889042,-70.03182133,0,NA
PSW,41.93899599,-70.03535488,0,NA
PSW,41.93894214,-70.02818768,0,NA
PSW,41.93941897,-70.02344515,0,NA
PSW,41.93977956,-70.03352437,0,NA
PSW,41.94054904,-70.03300952,0,NA
PSW,41.94143182,-70.0398428,0,NA
PSW,41.94232921,-70.02440512,0,NA
PSW,41.94273772,-70.0217437,0,NA
PSW,41.94406035,-69.98518737,0,NA
PSW,41.94601061,-70.03026703,0,NA
PSW,41.94607719,-70.03014902,0,NA
PSW,41.94773102,-70.03289041,0,NA
PSW,41.95500609,-70.01246281,0,NA
PSW,41.95770886,-70.02284825,0,NA
PSW,41.95791054,-70.02471095,0,NA
PSW,41.96271436,-69.99716669,0,NA
PSW,41.99314276,-70.05026958,0,NA
PSW,41.99564726,-70.05049882,0,NA
PSW,41.99679035,-70.06222614,0,NA
PSW,41.99870779,-70.05682259,0,NA
PSW,42.00140363,-70.02529163,0,NA
PSW,42.00334245,-70.07771657,0,NA
PSW,42.00342869,-70.07935652,0,NA
PSW,42.00343701,-70.07934728,0,NA
PSW,42.00363939,-70.05503071,0,NA
PSW,42.01268256,-70.07099889,0,NA
PSW,42.01270663,-70.07080855,0,NA
PSW,42.0159035,-70.07254042,0,NA
PSW,42.02392585,-70.07600404,0,NA
PSW,42.02551271,-70.07662216,0,NA
PSW,42.02659005,-70.07794765,0,NA
PSW,42.02658995,-70.07793973,0,NA
PSW,42.02863562,-70.05182719,0,NA
PSW,42.02863562,-70.05182719,0,NA
PSW,42.03031082,-70.0560838,0,NA
PSW,42.03454747,-70.08127357,0,NA
PSW,42.03455717,-70.06427777,0,NA
PSW,42.03605364,-70.08533164,0,NA
PSW,42.03624321,-70.06512447,0,NA
PSW,42.03698749,-70.08885603,0,NA
PSW,42.03699877,-70.08853908,0,NA
PSW,42.03802582,-70.06411451,0,NA
PSW,42.04064583,-70.0768813,0,NA
PSW,42.0408286,-70.07596595,0,NA
PSW,42.04206489,-70.10422519,0,NA
PSW,42.04560394,-70.0944555,0,NA
PSW,42.04558571,-70.08666998,0,NA
PSW,42.04602061,-70.08483878,0,NA
PSW,42.04603181,-70.08406084,0,NA
PSW,42.04606233,-70.08443466,0,NA
PSW,42.04631023,-70.08568591,0,NA
PSW,42.04710381,-70.08400714,0,NA
PSW,42.04772546,-70.08348854,0,NA
PSW,42.04808428,-70.08884414,0,NA
PSW,42.04946886,-70.10949692,0,NA
PSW,42.05427535,-70.10425572,0,NA
DWMWPP,42.02769615,-71.95951089,0.1,0.44
DWMWPP,42.0246995,-71.88418202,0.8813636363636363,1.1981818181818182
DWMWPP,42.01272012,-71.34763073,0.454,0.632
DWMWPP,41.97463265,-71.32957594,0.444,0.754
DWMWPP,41.96096078,-71.30757184,0.712,0.95
DWMWPP,41.93742221,-71.29026644,1.492,2
DWMWPP,41.91782609,-71.30583763,1.314,1.9
DWMWPP,41.89609284,-71.32576502,1.12,1.66
DWMWPP,41.89026914,-71.34011441,2.692,3.66
DWMWPP,41.95360395,-71.28005181,0.296,0.65
DWMWPP,41.92726089,-71.2852236,0.61,1.15
DWMWPP,41.93648287,-71.32433494,0.124,0.392
DWMWPP,41.95117817,-71.34184089,0.64,0.84
DWMWPP,41.90125767,-71.3434294,0.6980000000000001,0.972
DWMWPP,41.85773302,-71.32945548,0.21,0.8225
DWMWPP,42.58708857,-72.35718789,0.02926086956521739,0.15816666666666668
DWMWPP,41.9074391,-70.91495236,0.1348,0.42
DWMWPP,41.92174924,-70.92351752,0.169,0.528
DWMWPP,42.45888846,-71.3973783,0.265,0.78
DWMWPP,41.63266048,-71.06038287,0.97,1.55875
DWMWPP,42.36514506,-71.1903328,0.44,0.908
DWMWPP,42.24980728,-71.22270212,0.18,0.488
DWMWPP,42.25123356,-71.23970713,0.068,0.54
DWMWPP,42.25417326,-71.29337351,0.542,0.942
DWMWPP,42.28652324,-71.29384261,1.1,1.5
DWMWPP,42.14007115,-71.3896734,1.78,2.38
DWMWPP,42.21553968,-71.40765942,0.395,0.885
DWMWPP,42.18829134,-71.36280624,0.2,0.785
DWMWPP,42.15037455,-72.60763627,0.18,0.54
DWMWPP,42.5630966,-71.76875735,0.296,0.984
DWMWPP,42.4951686,-71.72192464,1.824375,2.5620833333333333
DWMWPP,42.42997432,-71.67930013,0.238,0.546
DWMWPP,42.44442786,-71.67186298,1.184,1.45
DWMWPP,42.49602094,-71.62643687,1.132,1.632
DWMWPP,42.66968673,-71.56776529,0.69875,1.0645833333333334
DWMWPP,42.62094186,-71.64380951,0.306,0.5493333333333333
DWMWPP,42.57812405,-71.60976926,0.778,1.192
DWMWPP,42.26477944,-72.00491606,0.10466666666666669,0.34933333333333333
DWMWPP,42.18142994,-72.26354268,0.1476086956521739,0.49
DWMWPP,42.23872578,-72.285755,0.23260869565217393,0.5328260869565218
DWMWPP,42.26797538,-72.33276108,0.02288888888888889,0.13464444444444446
DWMWPP,42.39121389,-72.0645552,0.03804347826086957,0.34829787234042553
DWMWPP,42.66414966,-71.57700588,0.8200000000000001,1.175
DWMWPP,42.62647657,-71.59314962,0.8595652173913043,1.2333333333333334
DWMWPP,42.59474285,-71.59983315,1.19,1.5499999999999998
DWMWPP,42.2365576,-71.796679459999993,0.28200000000000003,0.69
DWMWPP,42.20292186,-71.77806924,1.202,4.5600000000000005
DWMWPP,42.1542015,-71.65266243,2.7,4.05
DWMWPP,42.1003609,-71.60111703,0.24767441860465117,0.6142857142857143
DWMWPP,42.02202663,-71.9543561,0.33404761904761904,0.628139534883721
DWMWPP,42.10956147,-72.11856925,0.05977272727272727,0.3054545454545455
DWMWPP,42.05094532,-71.88507359,0.2786046511627907,0.5832558139534884
DWMWPP,42.52346976,-71.6880925,0.0475,0.8933333333333333
DWMWPP,42.11947322,-72.00870444,1.8255813953488371,2.2276744186046513
DWMWPP,42.63670884,-71.3017484,0.8941176470588235,1.38125
DWMWPP,42.22778189,-71.78735524,0.44608695652173913,0.8608888888888889
DWMWPP,42.44473811,-71.67198789,1.4127272727272728,1.7272727272727273
DWMWPP,42.02298331,-71.57206082,1.3166666666666669,2.0744444444444445
DWMWPP,42.23053792,-71.70809238,0.18555555555555556,0.5322727272727272
DWMWPP,42.59751119,-72.43783955,0.32222222222222224,0.6828888888888889
DWMWPP,42.58812535,-72.04099473,2.187173913043478,2.8666666666666667
DWMWPP,42.62969793,-72.15035652,0.42209302325581394,0.8640476190476191
DWMWPP,42.68279648,-72.11503734,0.0258695652173913,0.37066666666666664
DWMWPP,42.6723218,-72.09305542,0.17902439024390243,0.56325
DWMWPP,42.30485304,-71.62845076,3.497916666666667,4.35
DWMWPP,42.32543468,-71.39736431,0.2989583333333333,0.626938775510204
DWMWPP,42.43206352,-71.44974106,1.2719565217391304,1.778888888888889
DWMWPP,42.51227518,-71.40458554,0.595,1.3261363636363637
DWMWPP,41.80999411,-70.62755574,0.02,0.5842553191489361
DWMWPP,41.80918339,-70.61753091,0.02,0.7211320754716981
DWMWPP,42.153873,-71.65203977,1.562093023255814,2.802380952380952
DWMWPP,41.77018529,-70.72205854,0.04,0.37
DWMWPP,42.11664658,-72.7336661,0.718,0.856
DWMWPP,41.81989559,-71.02717559,0.04,0.6920000000000001
DWMWPP,41.93332037,-71.15426672,0.424,1.7433333333333334
DWMWPP,42.26764467,-71.55276363,0.18,0.7125
DWMWPP,42.25849843,-71.45547229,0.3,0.6725
DWMWPP,42.46568803,-71.39143422,1.75,1.95
DWMWPP,42.45974876,-71.35935869,0.08499999999999999,0.74
DWMWPP,42.39635089,-71.36467086,0.205,0.745
DWMWPP,42.35708626,-71.40313662,0.44,0.965
DWMWPP,42.35926526,-71.36883338,0.215,0.725
DWMWPP,41.9471012,-71.1769499,0.177,0.5322222222222223
DWMWPP,42.05820916,-70.89995609,0.139,0.666
DWMWPP,42.04238758,-70.89846196,0.14233333333333334,0.658
DWMWPP,41.95002381,-71.29133543,0.248,0.576
DWMWPP,42.00286304,-71.33840362,0.52,0.652
DWMWPP,42.16028331,-70.78863391,0.2925,0.88
DWMWPP,42.00459582,-70.84525352,0.024,0.8340845070422536
DWMWPP,42.07840473,-71.11554731,0.05,0.56
DWMWPP,41.95142643,-71.11913351,0.04,0.24666666666666667
DWMWPP,41.96889822,-71.32511071,0.10666666666666666,1.2833333333333334
DWMWPP,42.06605001,-71.3520429,0.04,0.5583333333333333
DWMWPP,42.53259005,-71.74028814,1.206,2.5
DWMWPP,42.55197544,-71.62097756,1.7,2.3499999999999996
DWMWPP,42.18086003,-71.73011265,1.144,4.42
DWMWPP,42.19910034,-71.69396462,0.088,0.466
DWMWPP,42.01664829,-71.5384768,1.386,2.4
DWMWPP,42.08439258,-71.69699739,0.188,0.498
DWMWPP,42.38639934,-72.5503928,0.73,0.882
DWMWPP,42.33278638,-72.57858317,0.28,0.473
DWMWPP,42.28189876,-72.42726497,0.712,2.082
DWMWPP,42.36655405,-72.60488814,0.402,0.656
DWMWPP,42.47836238,-72.61893594,0.602,1.029
DWMWPP,42.28349688,-72.64060074,0.478,0.944
DWMWPP,42.46963022,-71.15765018,0.075,1.458
DWMWPP,41.90533067,-70.55598017,0.04,0.31833333333333336
DWMWPP,42.05376314,-70.82255737,0.04,0.595
DWMWPP,42.11943443,-71.45344443,4.4,5.24
DWMWPP,42.13828143,-71.35867289,2.26,3.02
DWMWPP,42.21006156,-71.35172497,1.522,2.3
DWMWPP,42.26439957,-71.32538186,0.924,1.56
DWMWPP,42.32584268,-71.25439259,0.314,0.8280000000000001
DWMWPP,42.25781415,-71.26256067,0.65,1.21
DWMWPP,42.09620732,-71.47958751,0.808,1.19
DWMWPP,42.39554541,-71.19710167,0.72,1.27
DWMWPP,42.38300416,-71.2078492,0.504,1.12
DWMWPP,42.12453197,-71.43065489,0.06999999999999999,0.6
DWMWPP,42.12911182,-71.30503034,0.122,0.796
DWMWPP,42.15866554,-71.30280984,0.548,1.04
DWMWPP,42.31931329,-71.24624794,0.8059999999999999,1.368
DWMWPP,42.36795531,-71.27033164,0.29400000000000004,0.622
DWMWPP,42.45289418,-71.14158508,0.0659,1.538
DWMWPP,41.71377641,-70.09062853,0.04,0.8025
DWMWPP,42.20864325,-71.78210772,0.366,0.892
DWMWPP,42.18223431,-71.70488014,1.686,4.3
DWMWPP,42.17728889,-71.68788468,1.428,3.1999999999999997
DWMWPP,42.17384662,-71.68057473,1.478,3.18
DWMWPP,42.12965013,-71.63645321,1.632,3.4
DWMWPP,42.07985489,-71.61966359,1.7120000000000002,3.22
DWMWPP,42.20640574,-71.78097604,1.57,5.88
DWMWPP,42.20595608,-71.78074977,0.4,2.2
DWMWPP,41.65691189,-70.48391147,0.04,0.6116666666666667
DWMWPP,42.4841721,-72.7542118,0.07815384615384616,0.22833333333333333
DWMWPP,42.41095836,-72.93953408,0.22,0.4275
DWMWPP,42.25418274,-72.94869942,0.08793103448275862,0.1572666666666667
DWMWPP,42.13083697,-72.75434911,0.158,0.33444444444444443
DWMWPP,42.11652506,-72.72435552,0.506,0.6336363636363637
DWMWPP,42.27406018,-71.63224204,0.395,0.63
DWMWPP,42.28350805,-71.63858701,4.15,4.7
DWMWPP,42.32036993,-71.63553499,2.55,2.9250000000000003
DWMWPP,42.32949677,-71.63006336,2.3,2.625
DWMWPP,42.34151216,-71.61641,1.8,2.05
DWMWPP,42.3465007,-71.61460331,2.6,2.925
DWMWPP,42.38030934,-71.58613633,2.2,2.525
DWMWPP,42.39979789,-71.54598569,2.45,2.425
DWMWPP,42.40462155,-71.52654108,3.55,3.2
DWMWPP,42.41163442,-71.50844219,2.5,2.5
DWMWPP,42.4231785,-71.474721829999993,2.5,2.35
DWMWPP,42.44086923,-71.42935628,2.25,2.275
DWMWPP,42.3386459,-71.39498427,0.225,0.765
DWMWPP,42.44111379,-71.36805603,0.12,0.84
DWMWPP,42.47116456,-71.34989446,0.99,1.35
DWMWPP,42.50902782,-71.31411783,0.88,1.425
DWMWPP,42.53488992,-71.29952957,0.86,1.4
DWMWPP,42.55747509,-71.28252509,0.64,1.2999999999999998
DWMWPP,42.58482438,-71.28718593,0.59,1.2
DWMWPP,42.64172611,-71.30284563,0.7384615384615385,1.2973333333333332
DWMWPP,42.57826214,-71.33253012,0.02,0.7475
DWMWPP,42.63380122,-71.30119731,0.52,1.04
DWMWPP,42.07936711,-71.01406198,0.6,1.1422222222222222
DWMWPP,42.07964645,-71.00930657,0.792,1.531111111111111
DWMWPP,42.05376462,-71.00977821,0.754,1.458888888888889
DWMWPP,42.03776122,-70.98465422,1.308,4.355555555555555
DWMWPP,42.04550631,-70.97074029,0.7,1.22
DWMWPP,42.03148922,-70.96656207,0.55,1.22
DWMWPP,42.02160209,-70.9505329,0.35,0.9011111111111112
DWMWPP,41.99937253,-70.93768479,1.224,3.2555555555555555
DWMWPP,41.93629311,-70.98734776,0.552,1.4177777777777778
DWMWPP,41.88611169,-71.02994049,0.496,1.3377777777777775
DWMWPP,41.88590512,-71.13411655,0.384,1.3333333333333333
DWMWPP,41.95326227,-71.30781311,0.68,1.5
DWMWPP,42.45655696,-72.63699267,0.108,0.308
DWMWPP,41.98856171,-71.3474734,0.35000000000000003,0.7125
DWMWPP,41.97762993,-71.33453815,0.43333333333333335,0.7766666666666667
DWMWPP,42.30510355,-71.3252761,0.486,0.8260000000000001
DWMWPP,42.15140376,-71.42713966,0.17,0.656
DWMWPP,42.13445842,-71.44602039,0.35,0.836
DWMWPP,42.13103033,-71.5155242,1.038,1.36
DWMWPP,42.19598069,-71.33022096,1.104,1.452
DWMWPP,42.25505525,-71.33009248,0.33,0.774
DWMWPP,42.09047755,-71.43283604,0.266,0.592
DWMWPP,42.22237155,-71.40927393,0.46,0.995
DWMWPP,42.34154459,-71.26662505,1.9,2.25
DWMWPP,42.17383927,-71.50839357,0.17,1.215
DWMWPP,41.95661339,-71.30844976,3.425,4.35
DWMWPP,42.02194765,-71.56822441,1.5,1.95
DWMWPP,41.81882453,-70.61444757,0.03,1.14
DWMWPP,41.81963769,-70.61803486,0.02,0.165
DWMWPP,42.17245221,-71.31726139,0.5,1.1
DWMWPP,42.34007232,-72.15953425,0.17,0.502
DWMWPP,42.21273236,-72.22875627,0.08,0.414
DWMWPP,42.46999426,-72.32259937,0.05799999999999999,0.3
DWMWPP,42.19289465,-71.75182267,1.266,3.9
DWMWPP,42.13913312,-71.63971462,1.584,3.3
DWMWPP,42.05495698,-71.61629976,1.458,2.6
DWMWPP,42.01686344,-71.54548172,1.52,2.74
DWMWPP,42.18277682,-71.76604587,0.194,0.536
DWMWPP,42.07884462,-71.65065318,0.194,0.59
DWMWPP,42.18498134,-71.71206258,0.506,0.964
DWMWPP,41.99661131,-71.55765871,0.178,0.508
DWMWPP,42.01238549,-71.51035869,0.506,0.926
DWMWPP,42.01550267,-71.49304478,0.64,1.11
DWMWPP,42.62272904,-72.54970791,0.426,0.504
DWMWPP,42.0977551,-71.62256481,1.688,3.3000000000000003
DWMWPP,42.57574839,-71.83355874,0.166,1.206
DWMWPP,42.45138358,-71.67387723,1.354,2.14
DWMWPP,42.62058327,-72.54988746,0.5599999999999999,0.622
DWMWPP,42.0941279,-72.56911519,0.3768,0.943
DWMWPP,42.24704007,-72.58037808,0.236,0.635
DWMWPP,42.03629979,-72.58362237,1.18,1.37
DWMWPP,42.31899322,-72.66514075,0.314,0.45
DWMWPP,42.34968275,-72.431373,0.088,0.378
DWMWPP,42.71283339,-71.54870868,0.616,0.962
DWMWPP,42.40886407,-71.98179294,0.042,0.316
DWMWPP,42.16171173,-72.26845965,0.076,0.2723076923076923
DWMWPP,42.04351371,-72.45647808,0.54,0.716
DWMWPP,42.50677372,-72.5270761,0.05,0.3
DWMWPP,42.2636059,-72.70605094,0.214,0.346
DWMWPP,42.36091839,-72.23011415,0.048,0.516
DWMWPP,42.20541014,-71.78775079,0.465,0.735
DWMWPP,42.02271855,-71.570541360000007,1.1875757575757575,1.8896969696969697
DWMWPP,41.80715897,-70.61210594,0.02,0.24
DWMWPP,42.25040334,-72.42653878,0.17400000000000002,0.546
DWMWPP,42.21289966,-71.78524102,3.775,11.375
DWMWPP,42.21303845,-71.78525885,2.18,10.575
DWMWPP,41.92703603,-71.28535834,1.478,1.88
DWMWPP,42.27962685,-72.58673039,0.6155555555555555,0.737
DWMWPP,42.48792791,-72.21647477,0.02,0.35
DWMWPP,42.46843526,-72.25884802,0.02,0.26666666666666666
DWMWPP,42.46258282,-72.24561712,0.02,0.25666666666666665
DWMWPP,42.49092717,-72.17095628,0.12333333333333334,0.39666666666666667
DWMWPP,42.47162474,-72.16210768,0.04999999999999999,0.4633333333333333
DWMWPP,42.43816198,-72.20732375,0.02666666666666666,0.3233333333333333
DWMWPP,42.27317372,-71.9749944,0.068,0.34
DWMWPP,42.29088748,-72.33717325,0.02,0.235
DWMWPP,42.54690674,-71.62936149,1.1,1.4
DWMWPP,42.07983422,-72.56556396,0.622,0.948
DWMWPP,42.42257737,-72.76956339,0.08800000000000001,0.19
DWMWPP,42.44431744,-72.48987633,0.026,0.0828
DWMWPP,42.19218292,-71.09296807,0.04,0.36166666666666664
DWMWPP,42.28135393,-72.72939605,0.55,0.676
DWMWPP,42.2354613,-72.27899479,0.256,0.568
DWMWPP,42.22337829,-72.17965076,0.024,0.422
DWMWPP,42.26215141,-72.10659989,0.154,0.428
DWMWPP,42.56670939,-71.95196358,0.068,0.958
DWMWPP,42.58657345,-71.8162291,0.235,0.345
DWMWPP,41.91786565,-71.35216051,0.3,0.616
DWMWPP,42.52661784,-71.75691548,0.266,0.516
DWMWPP,42.20291112,-71.85617251,0.082,0.418
DWMWPP,42.09310671,-71.73709013,0.05,0.296
DWMWPP,42.62531983,-72.19502942,0.04,0.256
DWMWPP,42.04216137,-72.09714696,0.028,0.27999999999999997
DWMWPP,42.32657968,-71.86537248,0.1,0.388
DWMWPP,42.55308278,-71.66947411,0.066,0.542
DWMWPP,42.10454751,-71.92879763,0.038,0.42
DWMWPP,42.20836571,-71.69757011,0.06,0.742
DWMWPP,42.07674201,-72.02541007,0.872,1.258
DWMWPP,42.55979904,-71.86605175,0.084,0.34600000000000003
DWMWPP,42.05772637,-72.18751776,0.036,0.326
DWMWPP,42.02755221,-71.48301448,0.342,0.748
DWMWPP,42.61497981,-72.40184008,0.064,0.1298
DWMWPP,42.58213165,-71.90260492,0.054,0.38
DWMWPP,42.67731084,-71.9407684,0.03,0.402
DWMWPP,42.51052037,-71.68941303,0.04,0.23
DWMWPP,42.64253866,-72.2573654,0.02,0.21
DWMWPP,42.12335485,-72.20669311,0.05,0.46
DWMWPP,42.55623608,-72.23102678,0.102,0.454
DWMWPP,42.57871152,-71.82995728,0.102,0.386
DWMWPP,42.16426655,-71.9488559,0.092,0.56
DWMWPP,42.58178925,-72.32696346,0.066,0.152
DWMWPP,42.23909491,-71.8258417,0.218,0.616
DWMWPP,42.53192718,-71.57910918,0.026,0.424
DWMWPP,42.13693403,-72.10313327,0.048,0.518
DWMWPP,42.02932229,-71.60542161,0.22,0.482
DWMWPP,42.23359373,-71.8557513,0.226,0.504
DWMWPP,42.59040888,-71.86334389,0.114,0.718
DWMWPP,41.89640012,-71.33321453,0.842,1.34
DWMWPP,42.6674075,-72.00414064,0.02,0.53
DWMWPP,42.47692289,-71.72378538,0.298,0.518
DWMWPP,42.1427144,-71.86184525,0.332,0.67
DWMWPP,42.06151141,-72.06454171,0.134,0.366
DWMWPP,42.65715091,-72.13290955,0.02,0.886
DWMWPP,42.5334948,-71.90277886,0.02,0.0955
DWMWPP,42.1400961,-71.99849063,0.03,0.37
DWMWPP,42.46470593,-72.38454489,0.03608695652173913,0.18641666666666667
DWMWPP,42.25020895,-72.65892694,1.072,1.24
DWMWPP,42.03481475,-72.16158627,0.05335,0.3385
DWMWPP,42.01994053,-71.79434419,0.02,0.3433333333333333
DWMWPP,42.63256876,-72.97439535,0.100875,0.21066666666666667
DWMWPP,42.16782704,-72.94935172,0.04818181818181819,0.325
DWMWPP,42.07471082,-71.79151291,0.02,0.17866666666666667
DWMWPP,42.0627483,-72.40559074,0.1442857142857143,0.32
DWMWPP,42.38381603,-71.83775116,0.10633333333333334,0.5683333333333334
DWMWPP,42.63595037,-71.30148697,0.7678571428571429,1.2706666666666666
DWMWPP,42.54141177,-72.88420012,0.166,0.298
DWMWPP,42.67416852,-72.73352769,0.098,0.156
DWMWPP,42.45191218,-73.30161974,0.04,0.28400000000000003
DWMWPP,42.40624326,-72.88766468,0.14600000000000002,0.216
DWMWPP,42.23747744,-72.8853956,0.058,0.204
DWMWPP,42.59824776,-72.61591962,0.13,0.21
DWMWPP,42.25259045,-73.21962782,0.08600000000000001,0.304
DWMWPP,42.04759931,-73.01699669,0.174,0.566
DWMWPP,42.63919882,-72.93808435,0.1,0.186
DWMWPP,42.24776313,-73.28034588,0.04777777777777778,0.26
DWMWPP,42.51152705,-72.80105071,0.258,0.422
DWMWPP,42.30598204,-73.0114712,0.06,0.21
DWMWPP,42.73205357,-72.71945734,0.052,0.166
DWMWPP,42.54503215,-73.31275339,0.764,0.798
DWMWPP,42.16952122,-72.9736829,0.06,0.278
DWMWPP,42.47391986,-73.1412082,0.148,0.398
DWMWPP,42.15946034,-73.12792409,0.098,0.338
DWMWPP,42.50830194,-72.69870678,0.202,0.27999999999999997
DWMWPP,42.66954163,-73.10371096,0.656,0.858
DWMWPP,42.40226973,-72.9795908,0.078,0.232
DWMWPP,42.6732761,-72.61264226,0.33799999999999997,0.38
DWMWPP,42.09976917,-72.80864416,0.356,0.568
DWMWPP,42.70289803,-73.20019809,0.198,0.282
DWMWPP,42.27211249,-73.27397995,0.162,0.238
DWMWPP,42.11380288,-73.23231291,0.242,0.35200000000000004
DWMWPP,42.66112647,-73.10381096,0.716,0.91
DWMWPP,42.55160608,-73.01460875,0.1,0.28
DWMWPP,42.26068784,-72.878683,0.024,0.146
DWMWPP,42.3820888,-72.81255079,0.034,0.348
DWMWPP,42.3572088,-73.35414315,0.14600000000000002,0.3
DWMWPP,42.45247321,-72.87827159,0.088,0.248
DWMWPP,42.24539082,-73.11391881,0.07,0.408
DWMWPP,42.62826823,-72.64485764,0.258,0.304
DWMWPP,42.08621595,-72.72793165,1.122,1.48
DWMWPP,42.63908097,-72.72437309,0.11,0.394
DWMWPP,42.65789498,-73.20166842,0.406,0.436
DWMWPP,42.55506751,-72.55825658,0.114,0.234
DWMWPP,42.10614,-73.48299,0.16210526315789472,0.20905
DWMWPP,42.38348515,-73.25737865,0.06,0.25
DWMWPP,42.71492884,-72.6693994,0.10058823529411764,0.19294117647058823
DWMWPP,42.32000999,-73.02774999,0.06635294117647059,0.24166666666666667
DWMWPP,42.04638466,-71.6301536,0.1,0.31047619047619046
DWMWPP,42.11661659,-72.73041878,10.26,11.18
DWMWPP,42.70347188,-72.95887989,0.09623809523809523,0.19833333333333333
DWMWPP,42.69539254,-72.22718449,0.027,0.30238095238095236
DWMWPP,42.15510819,-72.81341348,0.078,0.262
DWMWPP,42.12010243,-72.7334767,0.164,0.378
DWMWPP,42.04079295,-72.48489555,0.784,1.138
DWMWPP,42.38648751,-73.25940756,0.09466666666666666,0.26181818181818184
DWMWPP,42.62731387,-73.22431951,0.1,0.138
DWMWPP,42.00395502,-70.72215618,0.06999999999999999,0.5449999999999999
DWMWPP,41.99860448,-70.73007,0.03,0.65
DWMWPP,41.99977266,-70.72579815,0.03,0.765
DWMWPP,41.99609561,-70.72311164,0.55,0.89
DWMWPP,41.98783357,-70.70786751,0.48,0.765
DWMWPP,41.9979183,-70.72218147,0.04,0.78
DWMWPP,41.99717794,-70.72120689,0.26,0.88
DWMWPP,41.98654008,-70.69885818,0.43,0.65
DWMWPP,42.44207131,-72.36869256,0.084,0.426
DWMWPP,42.09324205,-72.31183457,0.228,0.408
DWMWPP,41.90037801,-71.09399859,0.1616,0.612
DWMWPP,41.95255141,-71.22476066,0.2725,0.5660000000000001
DWMWPP,41.72789933,-70.79814166,0.1025,0.788
DWMWPP,42.0184717,-70.92252609,0.27,0.842
DWMWPP,41.74470234,-71.2482622,1.5266666666666666,2.375
DWMWPP,42.06112594,-71.2165861,0.31,0.66
DWMWPP,42.08257418,-71.03007602,0.6,0.974
DWMWPP,41.90743834,-70.97991603,0.456,0.876
DWMWPP,41.84611359,-71.2625509,0.302,0.798
DWMWPP,41.98836801,-71.03545292,0.30333333333333334,0.7375
DWMWPP,41.75570188,-70.9831251,0.02666666666666667,0.5825
DWMWPP,41.80069261,-71.30434109,1.2866666666666666,2.45
DWMWPP,42.01558538,-71.05266156,0.6325,0.902
DWMWPP,42.24343046,-71.09437763,0.22,0.72
DWMWPP,42.06811651,-70.91424154,0.2575,0.6900000000000001
DWMWPP,41.7773089,-71.19253246,0.13333333333333333,1.2
DWMWPP,41.67967123,-70.84082513,0.1825,0.812
DWMWPP,41.9093812,-71.0981243,0.13,0.6
DWMWPP,42.49511888,-71.1361368,0.62,0.89
DWMWPP,41.64357833,-70.45336867,0.14,0.85
DWMWPP,41.70289295,-70.10477526,0.1875,0.426
DWMWPP,41.98949513,-71.1737167,0.6175,1.038
DWMWPP,41.64180645,-71.0764565,1,2.525
DWMWPP,42.2422342,-70.85910564,0.6333333333333333,1.1225
DWMWPP,41.8814227,-70.90942651,0.028,0.428
DWMWPP,41.72740826,-70.85635593,0.2125,0.716
DWMWPP,41.8647818,-71.22918554,0.134,0.77
DWMWPP,42.08658274,-70.75694672,0.49333333333333335,0.8475
DWMWPP,41.9325177,-71.07757733,0.278,1.114
DWMWPP,42.42130109,-71.16909401,0.7,1.35
DWMWPP,42.00502696,-71.21344675,0.49777777777777776,0.802
DWMWPP,42.19947614,-70.86206928,0.6,1.475
DWMWPP,41.63338435,-70.98602228,0.19,1.165
DWMWPP,41.99746222,-70.95386851,1.1222222222222222,1.86
DWMWPP,42.0754278,-71.00963849,1.1425,1.44
DWMWPP,41.94945845,-71.17552595,0.18,0.5800000000000001
DWMWPP,41.83058753,-71.32993703,0.2825,1.02
DWMWPP,42.706137,-71.751964,0.05571428571428571,0.25
DWMWPP,42.664623,-71.753811,0.09729411764705882,0.2515
DWMWPP,41.562812,-71.133855,0.1483846153846154,0.8621428571428572
DWMWPP,41.77444,-71.08528,0.02,0.4075
DWMWPP,42.00792,-71.70506,0.1457058823529412,0.3563157894736842
DWMWPP,42.71500304,-72.66972243,0.05761538461538462,0.26323076923076927
DWMWPP,42.30007646,-72.98439297,0.16,0.29
DWMWPP,42.55286755,-72.51950306,0.022,0.1482
DWMWPP,42.33802189,-72.55536786,0.45,1.89
DWMWPP,42.2526325,-72.05643235,0.12,0.34400000000000003
DWMWPP,42.47216953,-72.25680238,0.034,0.36
DWMWPP,42.05933009,-72.27160475,0.12,0.33399999999999996
DWMWPP,42.0373016,-72.69990551,0.926,1.3
DWMWPP,42.2036239,-72.00426939,0.022,0.668
DWMWPP,42.26076443,-72.81803592,0.03,0.4025
DWMWPP,42.47653586,-72.51860357,0.128,0.192
DWMWPP,42.38732571,-72.37351445,0.072,0.1814
DWMWPP,42.27003392,-72.594205,0.19,0.544
DWMWPP,41.77254787,-71.08494839,0.03314285714285714,0.36875
DWMWPP,42.616929,-70.9964121,0.09,0.718
DWMWPP,42.5943564,-71.3406697,0.1318,0.8119999999999999
DWMWPP,42.2247791,-71.4776709,0.246,0.904
DWMWPP,42.1049813,-71.4584048,1.78,2.54
DWMWPP,42.6718435,-71.3444481,0.276,0.77
DWMWPP,42.4276412,-71.4854492,0.246,0.592
DWMWPP,42.8659286,-70.9615914,0.044,0.538
DWMWPP,42.2532139,-71.56727,0.156,0.65
DWMWPP,42.3049376,-71.2338344,2.126,2.38
DWMWPP,42.5790278,-70.9915364,0.094,0.62
DWMWPP,42.6253944,-71.3890868,0.306,0.7000000000000001
DWMWPP,42.7350352,-70.9427296,1.94,2.56
DWMWPP,42.3900984,-71.1967182,0.336,0.948
DWMWPP,42.4958058,-71.0387409,0.244,0.858
DWMWPP,42.347696,-71.5179405,0.114,0.536
DWMWPP,42.6339232,-70.9747374,0.224,0.794
DWMWPP,42.5017852,-71.2407158,0.037,0.494
DWMWPP,42.6971169,-71.1439954,0.318,0.982
DWMWPP,42.4768312,-71.5654205,0.17,0.405
DWMWPP,42.4356962,-71.5704097,0.096,0.404
DWMWPP,42.5718288,-71.0962545,0.094,0.804
DWMWPP,42.5267785,-71.4134214,0.295,2.4
DWMWPP,42.2910744,-71.6885308,0.432,0.672
DWMWPP,42.6297304,-71.5061583,0.34,0.752
DWMWPP,42.1217687,-71.3654398,0.07,0.482
DWMWPP,42.2871321,-71.6512886,0.5680000000000001,0.9
DWMWPP,42.8261109,-70.9840121,0.444,1.046
DWMWPP,42.6681776,-71.3263353,0.252,0.8019999999999999
DWMWPP,42.5975906,-71.4475714,0.096,0.508
DWMWPP,42.494062,-71.2559826,0.14250000000000002,0.745
DWMWPP,42.3193238,-71.3955834,0.102,0.65
DWMWPP,42.1870159,-71.3758224,0.109,0.838
DWMWPP,42.6521945,-71.1509714,0.33,0.918
DWMWPP,42.6091843,-71.411679,0.234,0.64
DWMWPP,42.700651,-71.487647,0.08033333333333334,0.43875
DWMWPP,42.444418,-71.551697,0.14500000000000002,0.41
DWMWPP,42.618394,-71.021129,0.0815,0.68875
DWMWPP,42.733424,-70.904624,0.17500000000000002,0.6174999999999999
DWMWPP,42.398058,-71.658249,0.19666666666666668,0.44875
DWMWPP,42.34376837,-72.95334229,0.06525,0.17
DWMWPP,42.3248507,-71.435293,0.16999999999999998,1.143333333333333
DWMWPP,42.2585509,-71.8916635,0.04,0.3125
DWMWPP,42.2865424,-71.412718,0.04,0.75
DWMWPP,42.4102831,-71.2674529,0.04,0.9283333333333332
DWMWPP,42.39611,-71.4949986,0.0475,0.5750000000000001
DWMWPP,42.6167752,-71.42794,0.2625,0.8075
DWMWPP,42.0475462,-71.7682111,0.04,0.3466666666666667
DWMWPP,42.7986363,-71.1439465,0.045,0.4216666666666667
DWMWPP,42.7989549,-70.9325918,0.04,0.5700000000000001
DWMWPP,42.3019466,-71.5128697,0.06,0.43666666666666665
DWMWPP,42.5663185,-71.388142,0.04,0.7975
DWMWPP,42.4942145,-71.7835053,0.04,0.14166666666666666
DWMWPP,42.5375642,-71.6046167,0.04,0.44166666666666665
DWMWPP,42.3059341,-71.6172087,0.04,0.645
DWMWPP,42.5083102,-71.8811837,0.04,0.23666666666666664
DWMWPP,42.1145632,-71.7422755,0.04,0.165
DWMWPP,42.6613996,-71.8825117,0.04,0.2866666666666667
DWMWPP,42.3766553,-71.7695512,0.0875,0.7250000000000001
DWMWPP,42.495176,-71.0050255,0.1025,0.6966666666666667
DWMWPP,42.4446923,-71.1158183,0.04,0.2125
DWMWPP,42.4607823,-71.4322555,0.04,1.8533333333333333
DWMWPP,42.5168034,-71.8554472,0.04,0.27999999999999997
DWMWPP,42.6074803,-71.1097834,0.04,0.3775
DWMWPP,42.6487901,-71.8434475,0.04,0.19166666666666668
DWMWPP,42.6889889,-71.0370628,0.04,0.41
DWMWPP,42.3167909,-71.6184564,0.04,0.535
DWMWPP,42.32285317,-72.92619955,0.05,0.1266
DWMWPP,42.0385568,-72.94065317,0.072,0.202
DWMWPP,42.04200482,-72.91837725,0.07,0.1505
DWMWPP,42.72088383,-72.59477377,0.1125,0.185
DWMWPP,41.7254646,-70.0397423,0.04,0.8316666666666667
DWMWPP,41.671546,-71.126475,0.04,0.5083333333333333
DWMWPP,42.11454642,-70.97910126,0.04,0.73
DWMWPP,42.006179,-70.906276,0.09,0.75
DWMWPP,41.9207192,-70.6654059,0.04,0.5366666666666666
DWMWPP,41.811935,-70.5766951,0.04,0.3866666666666667
DWMWPP,41.804909,-70.611966,0.04,0.275
DWMWPP,41.75446,-70.79039,0.04,0.3
DWMWPP,41.852937,-70.614673,0.04,0.32166666666666666
DWMWPP,41.620352,-70.56532,0.04,0.5983333333333334
DWMWPP,41.8295909,-69.9846351,0.04,0.4683333333333333
DWMWPP,41.671685,-70.193271,0.6366666666666667,0.9883333333333332
DWMWPP,41.6671004,-70.4441491,0.44333333333333336,0.6633333333333333
DWMWPP,41.671039,-70.393715,0.06333333333333334,0.6666666666666666
DWMWPP,41.703389,-69.986116,0.04,1.09
DWMWPP,41.7024219,-70.1327421,0.04,0.15833333333333333
DWMWPP,41.9641053,-70.0077192,0.04,0.37
DWMWPP,41.99230816,-71.04277391,0.162,0.646
DWMWPP,42.01901335,-71.12591191,0.378,0.7
DWMWPP,41.99502786,-70.97075555,0.1726,0.84
DWMWPP,41.9780221,-71.13417172,0.1408,0.508
DWMWPP,41.98177507,-71.16118832,0.514,0.91
DWMWPP,41.96932455,-70.88343597,0.189,0.61
DWMWPP,41.946818,-71.16067131,0.2014,0.518
DWMWPP,41.94881614,-70.96826996,3.94,4.44
DWMWPP,42.40999949,-71.151994,0.099,1.8188888888888888
DWMWPP,41.83523239,-71.13593516,0.482,0.83
DWMWPP,42.40600014,-71.15899647,0.0619,1.039
DWMWPP,42.70281576,-72.45189591,0.241,0.4
DWMWPP,42.5098257,-72.66169041,0.652,0.73
DWMWPP,42.48176265,-72.60513286,0.61,0.954
DWMWPP,42.37683842,-72.49492563,0.206,0.312
DWMWPP,42.41550849,-72.51258326,0.2188,0.306
DWMWPP,42.38339502,-72.5850062,0.2864,0.544
DWMWPP,42.28071001,-72.4252915,0.212,0.494
DWMWPP,42.27820079,-72.57541581,0.17020000000000002,0.434
DWMWPP,42.28230014,-72.58708557,1.096,1.206
DWMWPP,42.27748219,-72.65403879,0.36,0.594
DWMWPP,42.21396566,-72.59514866,1.36,1.56
DWMWPP,42.07465812,-72.58070026,0.834,1.138
DWMWPP,42.41118008,-72.5674643,1.118,1.28
DWMWPP,42.19157879,-72.59779736,1.54,1.7
DWMWPP,42.44662969,-71.8181233,0.149,0.36
DWMWPP,42.61760369,-71.72624143,0.1125,0.4225
DWMWPP,42.70288914,-71.75177322,0.145,0.3325
DWMWPP,42.62248944,-71.02018566,0.2075,0.7725
DWMWPP,42.66074776,-70.90371136,0.1005,0.7475
DWMWPP,42.03883587,-72.94213827,0.08750000000000001,0.2275
DWMWPP,42.03904812,-72.942020779999993,0.169,0.2425
DWMWPP,42.08930109,-73.47506697,0.1815,0.22
DWMWPP,41.94672655,-71.20083966,0.1498,0.486
DWMWPP,42.62069634,-72.39305406,0.08,0.25
DWMWPP,42.38033448,-72.46510155,0.2325,0.345
DWMWPP,42.44704256,-72.49190917,0.145,0.3575
DWMWPP,42.45007437,-72.45260735,0.2915,0.39
DWMWPP,42.46777728,-72.15673762,0.0515,0.2325
DWMWPP,42.43953233,-72.04115765,0.0675,0.32
DWMWPP,42.20154773,-72.04487072,0.04,0.52
DWMWPP,42.05048837,-72.09627321,0.0485,0.3225
DWMWPP,42.01542185,-71.79841192,0.0415,0.34
DWMWPP,42.07493076,-71.7950707,0.04725,0.32
DWMWPP,42.04529263,-71.65201157,0.0845,0.39
DWMWPP,42.18795491,-71.62720825,0.22,0.4925
DWMWPP,42.51804,-72.998461,0.06275,0.1925
DWMWPP,42.44139459,-72.99462504,0.08175,0.1975
DWMWPP,42.33220916,-73.1068034,0.06974999999999999,0.2175
DWMWPP,41.95851534,-71.2424628,0.405,0.975
DWMWPP,41.77800443,-71.07593377,0.07975,0.4125
DWMWPP,42.18764862,-70.76850844,0.14500000000000002,1.1
DWMWPP,42.19862254,-70.83275,0.11,0.8125
DWMWPP,41.76842431,-70.72293943,0.04,0.2375
